Date,Campaign Name,Spend,7 Day Total Sales,Clicks,Impressions
"Sep 01, 2025",Skillets - Exact,$77.64,$360.75,80,"2,977"
"Sep 01, 2025",Skillets - Broad,$75.39,$120.23,91,"4,019"
"Sep 01, 2025",Knives - Exact,$100.45,$335.35,102,"5,837"
"Sep 01, 2025",Knives - Broad,$66.38,$158.48,71,"3,176"
"Sep 01, 2025",Boards - Exact,$32.35,$147.53,29,"1,482"
"Sep 01, 2025",Coffee - Exact,$49.52,$312.18,66,"3,196"
"Sep 01, 2025",Coffee - Broad,$50.16,$133.45,83,"3,419"
"Sep 01, 2025",Catalog - Auto,$129.81,$226.44,132,"5,313"
"Sep 02, 2025",Skillets - Exact,$76.90,$330.75,107,"5,633"
"Sep 02, 2025",Skillets - Broad,$50.84,$162.52,55,"3,000"
"Sep 02, 2025",Knives - Exact,$78.41,$215.04,83,"3,821"
"Sep 02, 2025",Knives - Broad,$66.74,$122.77,89,"4,956"
"Sep 02, 2025",Boards - Exact,$45.45,$162.12,42,"1,244"
"Sep 02, 2025",Coffee - Exact,$36.95,$113.62,38,"2,141"
"Sep 02, 2025",Coffee - Broad,$29.37,$80.64,30,"1,076"
"Sep 02, 2025",Catalog - Auto,$96.19,$184.82,89,"4,514"
"Sep 03, 2025",Skillets - Exact,$106.35,$235.35,126,"5,448"
"Sep 03, 2025",Skillets - Broad,$63.35,$158.70,95,"5,360"
"Sep 03, 2025",Knives - Exact,$75.11,$176.56,86,"2,796"
"Sep 03, 2025",Knives - Broad,$45.08,$113.93,42,"1,622"
"Sep 03, 2025",Boards - Exact,$49.02,$130.56,81,"2,579"
"Sep 03, 2025",Coffee - Exact,$44.01,$262.00,74,"2,386"
"Sep 03, 2025",Coffee - Broad,$31.40,$68.35,32,"1,542"
"Sep 03, 2025",Catalog - Auto,$130.82,$212.40,156,"7,926"
"Sep 04, 2025",Skillets - Exact,$95.30,$448.46,118,"3,945"
"Sep 04, 2025",Skillets - Broad,$59.83,$148.24,94,"3,373"
"Sep 04, 2025",Knives - Exact,$92.15,$247.76,99,"5,485"
"Sep 04, 2025",Knives - Broad,$49.18,$125.31,68,"2,375"
"Sep 04, 2025",Boards - Exact,$38.57,$131.82,54,"2,495"
"Sep 04, 2025",Coffee - Exact,$60.96,$241.21,68,"3,232"
"Sep 04, 2025",Coffee - Broad,$31.16,$77.63,33,"1,637"
"Sep 04, 2025",Catalog - Auto,$119.76,$160.44,150,"6,163"
"Sep 05, 2025",Skillets - Exact,$84.54,$409.79,106,"5,488"
"Sep 05, 2025",Skillets - Broad,$64.34,$153.73,79,"3,474"
"Sep 05, 2025",Knives - Exact,$103.55,$379.44,126,"5,660"
"Sep 05, 2025",Knives - Broad,$44.87,$152.42,76,"3,382"
"Sep 05, 2025",Boards - Exact,$28.78,$101.46,35,"1,505"
"Sep 05, 2025",Coffee - Exact,$61.46,$148.73,94,"3,284"
"Sep 05, 2025",Coffee - Broad,$28.01,$71.42,35,"1,842"
"Sep 05, 2025",Catalog - Auto,$96.72,$165.07,112,"3,689"
"Sep 06, 2025",Skillets - Exact,$95.46,$333.02,106,"4,075"
"Sep 06, 2025",Skillets - Broad,$66.32,$140.90,68,"2,406"
"Sep 06, 2025",Knives - Exact,$92.60,$331.60,95,"5,243"
"Sep 06, 2025",Knives - Broad,$38.79,$65.38,54,"1,945"
"Sep 06, 2025",Boards - Exact,$46.18,$152.57,42,"2,507"
"Sep 06, 2025",Coffee - Exact,$55.13,$186.34,53,"3,066"
"Sep 06, 2025",Coffee - Broad,$47.22,$113.97,46,"1,734"
"Sep 06, 2025",Catalog - Auto,$158.21,$339.02,144,"8,207"
"Sep 07, 2025",Skillets - Exact,$121.03,$430.71,166,"7,555"
"Sep 07, 2025",Skillets - Broad,$77.85,$173.63,86,"3,532"
"Sep 07, 2025",Knives - Exact,$111.04,$304.45,151,"4,843"
"Sep 07, 2025",Knives - Broad,$64.66,$99.68,81,"2,859"
"Sep 07, 2025",Boards - Exact,$45.11,$130.17,80,"3,050"
"Sep 07, 2025",Coffee - Exact,$45.08,$183.30,64,"1,925"
"Sep 07, 2025",Coffee - Broad,$41.34,$78.21,73,"4,027"
"Sep 07, 2025",Catalog - Auto,$145.66,$168.10,183,"7,717"
"Sep 08, 2025",Skillets - Exact,$136.28,$573.46,130,"3,686"
"Sep 08, 2025",Skillets - Broad,$67.49,$180.96,79,"2,591"
"Sep 08, 2025",Knives - Exact,$99.45,$306.35,104,"4,907"
"Sep 08, 2025",Knives - Broad,$45.53,$74.56,63,"2,726"
"Sep 08, 2025",Boards - Exact,$57.91,$135.89,100,"3,927"
"Sep 08, 2025",Coffee - Exact,$46.56,$181.72,58,"2,819"
"Sep 08, 2025",Coffee - Broad,$31.30,$80.09,31,"1,574"
"Sep 08, 2025",Catalog - Auto,$163.01,$206.30,184,"6,598"
"Sep 09, 2025",Skillets - Exact,$100.38,$333.24,125,"5,156"
"Sep 09, 2025",Skillets - Broad,$64.39,$119.49,60,"2,067"
"Sep 09, 2025",Knives - Exact,$94.42,$326.20,89,"5,203"
"Sep 09, 2025",Knives - Broad,$55.27,$129.86,51,"2,906"
"Sep 09, 2025",Boards - Exact,$38.79,$169.59,65,"3,588"
"Sep 09, 2025",Coffee - Exact,$62.40,$109.00,80,"3,704"
"Sep 09, 2025",Coffee - Broad,$35.68,$60.21,60,"3,081"
"Sep 09, 2025",Catalog - Auto,$95.58,$225.66,115,"4,369"
"Sep 10, 2025",Skillets - Exact,$94.25,$291.19,125,"4,199"
"Sep 10, 2025",Skillets - Broad,$50.94,$119.79,47,"2,420"
"Sep 10, 2025",Knives - Exact,$66.04,$382.75,87,"4,807"
"Sep 10, 2025",Knives - Broad,$48.35,$97.01,45,"1,631"
"Sep 10, 2025",Boards - Exact,$35.58,$88.94,56,"1,726"
"Sep 10, 2025",Coffee - Exact,$43.73,$139.95,74,"3,198"
"Sep 10, 2025",Coffee - Broad,$37.93,$91.13,51,"2,808"
"Sep 10, 2025",Catalog - Auto,$139.58,$177.69,175,"10,237"
"Sep 11, 2025",Skillets - Exact,$98.59,$329.23,95,"4,147"
"Sep 11, 2025",Skillets - Broad,$65.55,$145.34,70,"2,066"
"Sep 11, 2025",Knives - Exact,$87.16,$313.26,109,"4,497"
"Sep 11, 2025",Knives - Broad,$51.91,$113.04,91,"4,337"
"Sep 11, 2025",Boards - Exact,$34.57,$167.20,56,"1,593"
"Sep 11, 2025",Coffee - Exact,$65.92,$245.51,85,"4,584"
"Sep 11, 2025",Coffee - Broad,$37.44,$81.03,42,"1,205"
"Sep 11, 2025",Catalog - Auto,$137.99,$186.71,176,"5,493"
"Sep 12, 2025",Skillets - Exact,$110.18,$452.39,195,"9,213"
"Sep 12, 2025",Skillets - Broad,$69.18,$172.53,70,"3,376"
"Sep 12, 2025",Knives - Exact,$75.08,$473.96,130,"5,491"
"Sep 12, 2025",Knives - Broad,$57.94,$136.83,78,"4,649"
"Sep 12, 2025",Boards - Exact,$42.80,$126.19,42,"1,611"
"Sep 12, 2025",Coffee - Exact,$39.12,$235.86,48,"1,545"
"Sep 12, 2025",Coffee - Broad,$37.91,$85.78,63,"2,618"
"Sep 12, 2025",Catalog - Auto,$143.52,$227.22,132,"4,789"
"Sep 13, 2025",Skillets - Exact,$100.10,$281.94,125,"4,618"
"Sep 13, 2025",Skillets - Broad,$42.08,$121.66,49,"2,903"
"Sep 13, 2025",Knives - Exact,$74.60,$335.34,131,"5,311"
"Sep 13, 2025",Knives - Broad,$60.39,$119.97,92,"4,563"
"Sep 13, 2025",Boards - Exact,$45.31,$204.48,61,"3,107"
"Sep 13, 2025",Coffee - Exact,$42.25,$123.55,41,"1,898"
"Sep 13, 2025",Coffee - Broad,$39.77,$90.93,53,"1,550"
"Sep 13, 2025",Catalog - Auto,$104.29,$239.78,153,"7,942"
"Sep 14, 2025",Skillets - Exact,$100.79,$431.67,94,"4,456"
"Sep 14, 2025",Skillets - Broad,$59.38,$113.21,54,"2,102"
"Sep 14, 2025",Knives - Exact,$84.34,$340.23,100,"3,369"
"Sep 14, 2025",Knives - Broad,$61.96,$133.99,58,"2,115"
"Sep 14, 2025",Boards - Exact,$39.79,$113.01,58,"2,132"
"Sep 14, 2025",Coffee - Exact,$48.23,$136.88,63,"2,540"
"Sep 14, 2025",Coffee - Broad,$24.29,$53.55,40,"1,152"
"Sep 14, 2025",Catalog - Auto,$104.03,$192.10,95,"5,483"
"Sep 15, 2025",Skillets - Exact,$96.43,$333.27,133,"7,018"
"Sep 15, 2025",Skillets - Broad,$67.37,$178.82,64,"2,682"
"Sep 15, 2025",Knives - Exact,$80.26,$360.69,111,"6,409"
"Sep 15, 2025",Knives - Broad,$36.96,$137.58,37,"1,146"
"Sep 15, 2025",Boards - Exact,$36.57,$173.20,37,"1,982"
"Sep 15, 2025",Coffee - Exact,$60.37,$165.82,99,"3,646"
"Sep 15, 2025",Coffee - Broad,$37.75,$96.02,47,"1,715"
"Sep 15, 2025",Catalog - Auto,$137.40,$208.24,132,"4,838"
"Sep 16, 2025",Skillets - Exact,$100.00,$447.83,136,"5,995"
"Sep 16, 2025",Skillets - Broad,$55.14,$139.58,66,"2,169"
"Sep 16, 2025",Knives - Exact,$115.11,$338.24,148,"8,046"
"Sep 16, 2025",Knives - Broad,$51.09,$200.26,52,"3,066"
"Sep 16, 2025",Boards - Exact,$35.32,$132.39,42,"1,404"
"Sep 16, 2025",Coffee - Exact,$48.73,$241.16,70,"4,042"
"Sep 16, 2025",Coffee - Broad,$56.14,$120.08,59,"1,763"
"Sep 16, 2025",Catalog - Auto,$104.13,$228.11,177,"7,857"
"Sep 17, 2025",Skillets - Exact,$93.10,$424.55,151,"8,756"
"Sep 17, 2025",Skillets - Broad,$65.01,$173.82,89,"4,166"
"Sep 17, 2025",Knives - Exact,$85.57,$268.12,134,"4,199"
"Sep 17, 2025",Knives - Broad,$62.10,$155.35,58,"1,787"
"Sep 17, 2025",Boards - Exact,$66.23,$145.01,61,"2,322"
"Sep 17, 2025",Coffee - Exact,$38.64,$124.91,49,"1,670"
"Sep 17, 2025",Coffee - Broad,$35.88,$84.37,38,"1,146"
"Sep 17, 2025",Catalog - Auto,$134.63,$200.51,182,"8,913"
"Sep 18, 2025",Skillets - Exact,$65.80,$233.80,68,"3,811"
"Sep 18, 2025",Skillets - Broad,$59.68,$130.29,79,"3,570"
"Sep 18, 2025",Knives - Exact,$84.34,$255.01,112,"4,048"
"Sep 18, 2025",Knives - Broad,$49.52,$78.07,71,"3,412"
"Sep 18, 2025",Boards - Exact,$37.52,$124.17,44,"2,319"
"Sep 18, 2025",Coffee - Exact,$44.73,$198.03,41,"1,833"
"Sep 18, 2025",Coffee - Broad,$30.40,$82.88,52,"2,170"
"Sep 18, 2025",Catalog - Auto,$136.06,$271.81,169,"5,234"
"Sep 19, 2025",Skillets - Exact,$76.80,$321.79,79,"3,495"
"Sep 19, 2025",Skillets - Broad,$52.95,$96.72,59,"2,808"
"Sep 19, 2025",Knives - Exact,$73.33,$240.98,71,"2,071"
"Sep 19, 2025",Knives - Broad,$48.12,$131.07,47,"2,291"
"Sep 19, 2025",Boards - Exact,$41.53,$124.76,56,"2,829"
"Sep 19, 2025",Coffee - Exact,$36.36,$121.17,35,"1,836"
"Sep 19, 2025",Coffee - Broad,$27.37,$65.95,25,"1,267"
"Sep 19, 2025",Catalog - Auto,$89.59,$208.08,125,"3,658"
"Sep 20, 2025",Skillets - Exact,$65.78,$247.40,119,"6,110"
"Sep 20, 2025",Skillets - Broad,$48.12,$124.05,59,"2,570"
"Sep 20, 2025",Knives - Exact,$84.74,$241.99,101,"4,221"
"Sep 20, 2025",Knives - Broad,$55.47,$142.24,50,"1,526"
"Sep 20, 2025",Boards - Exact,$38.01,$143.41,51,"1,897"
"Sep 20, 2025",Coffee - Exact,$46.67,$169.79,56,"3,215"
"Sep 20, 2025",Coffee - Broad,$33.81,$63.25,43,"1,314"
"Sep 20, 2025",Catalog - Auto,$114.77,$100.49,172,"5,906"
"Sep 21, 2025",Skillets - Exact,$77.14,$207.90,88,"3,525"
"Sep 21, 2025",Skillets - Broad,$68.85,$167.73,87,"4,356"
"Sep 21, 2025",Knives - Exact,$77.62,$490.63,90,"2,719"
"Sep 21, 2025",Knives - Broad,$48.13,$148.33,50,"1,861"
"Sep 21, 2025",Boards - Exact,$44.50,$202.44,43,"2,354"
"Sep 21, 2025",Coffee - Exact,$37.15,$144.46,63,"3,485"
"Sep 21, 2025",Coffee - Broad,$18.57,$50.39,23,"1,230"
"Sep 21, 2025",Catalog - Auto,$154.67,$237.94,141,"4,625"
"Sep 22, 2025",Skillets - Exact,$96.04,$391.84,118,"6,651"
"Sep 22, 2025",Skillets - Broad,$60.00,$157.08,86,"3,560"
"Sep 22, 2025",Knives - Exact,$99.53,$326.80,123,"4,731"
"Sep 22, 2025",Knives - Broad,$53.02,$122.85,70,"2,296"
"Sep 22, 2025",Boards - Exact,$23.53,$153.65,37,"1,858"
"Sep 22, 2025",Coffee - Exact,$33.65,$103.27,53,"1,499"
"Sep 22, 2025",Coffee - Broad,$27.17,$71.53,24,706
"Sep 22, 2025",Catalog - Auto,$128.23,$254.31,146,"7,620"
"Sep 23, 2025",Skillets - Exact,$55.57,$251.82,63,"3,762"
"Sep 23, 2025",Skillets - Broad,$51.67,$113.44,83,"3,799"
"Sep 23, 2025",Knives - Exact,$72.75,$327.43,75,"4,242"
"Sep 23, 2025",Knives - Broad,$33.91,$57.41,39,"1,463"
"Sep 23, 2025",Boards - Exact,$42.39,$226.32,45,"2,663"
"Sep 23, 2025",Coffee - Exact,$36.11,$168.73,44,"1,383"
"Sep 23, 2025",Coffee - Broad,$35.30,$75.82,60,"3,468"
"Sep 23, 2025",Catalog - Auto,$84.63,$154.90,87,"2,706"
"Sep 24, 2025",Skillets - Exact,$73.33,$182.28,124,"6,217"
"Sep 24, 2025",Skillets - Broad,$52.23,$130.45,51,"2,600"
"Sep 24, 2025",Knives - Exact,$47.71,$196.22,51,"2,990"
"Sep 24, 2025",Knives - Broad,$30.53,$100.81,38,"1,983"
"Sep 24, 2025",Boards - Exact,$23.28,$129.03,35,"1,584"
"Sep 24, 2025",Coffee - Exact,$31.87,$108.85,55,"2,252"
"Sep 24, 2025",Coffee - Broad,$24.97,$75.84,27,"1,378"
"Sep 24, 2025",Catalog - Auto,$105.46,$160.49,118,"5,334"
"Sep 25, 2025",Skillets - Exact,$65.01,$201.34,92,"4,129"
"Sep 25, 2025",Skillets - Broad,$32.87,$88.68,54,"2,535"
"Sep 25, 2025",Knives - Exact,$44.98,$154.35,44,"2,068"
"Sep 25, 2025",Knives - Broad,$34.66,$81.93,43,"2,393"
"Sep 25, 2025",Boards - Exact,$23.04,$103.17,30,888
"Sep 25, 2025",Coffee - Exact,$37.00,$197.79,48,"2,794"
"Sep 25, 2025",Coffee - Broad,$27.17,$104.82,44,"1,708"
"Sep 25, 2025",Catalog - Auto,$81.13,$162.64,83,"4,456"
"Sep 26, 2025",Skillets - Exact,$61.90,$298.25,107,"6,157"
"Sep 26, 2025",Skillets - Broad,$49.61,$146.04,58,"2,017"
"Sep 26, 2025",Knives - Exact,$68.88,$489.48,121,"6,033"
"Sep 26, 2025",Knives - Broad,$44.27,$131.20,63,"1,872"
"Sep 26, 2025",Boards - Exact,$34.53,$117.56,40,"1,942"
"Sep 26, 2025",Coffee - Exact,$42.28,$146.55,68,"2,115"
"Sep 26, 2025",Coffee - Broad,$21.13,$45.00,33,"1,163"
"Sep 26, 2025",Catalog - Auto,$83.51,$136.55,130,"5,983"
"Sep 27, 2025",Skillets - Exact,$81.04,$332.83,77,"2,528"
"Sep 27, 2025",Skillets - Broad,$50.59,$148.25,50,"2,410"
"Sep 27, 2025",Knives - Exact,$40.14,$206.92,43,"1,227"
"Sep 27, 2025",Knives - Broad,$52.05,$99.78,53,"2,124"
"Sep 27, 2025",Boards - Exact,$29.95,$125.92,36,"1,511"
"Sep 27, 2025",Coffee - Exact,$44.09,$171.72,40,"1,341"
"Sep 27, 2025",Coffee - Broad,$29.62,$62.63,34,"1,495"
"Sep 27, 2025",Catalog - Auto,$90.26,$104.88,127,"6,371"
"Sep 28, 2025",Skillets - Exact,$77.48,$340.70,96,"2,783"
"Sep 28, 2025",Skillets - Broad,$57.90,$173.52,60,"2,672"
"Sep 28, 2025",Knives - Exact,$66.40,$252.21,115,"3,588"
"Sep 28, 2025",Knives - Broad,$38.04,$119.06,68,"3,117"
"Sep 28, 2025",Boards - Exact,$29.79,$176.52,35,"1,674"
"Sep 28, 2025",Coffee - Exact,$32.27,$209.56,52,"2,997"
"Sep 28, 2025",Coffee - Broad,$24.21,$43.98,40,"1,369"
"Sep 28, 2025",Catalog - Auto,$88.83,$155.02,121,"4,031"
"Sep 29, 2025",Skillets - Exact,$84.25,$382.78,86,"4,866"
"Sep 29, 2025",Skillets - Broad,$44.02,$150.53,41,"1,264"
"Sep 29, 2025",Knives - Exact,$61.56,$295.82,57,"2,346"
"Sep 29, 2025",Knives - Broad,$33.74,$110.10,34,986
"Sep 29, 2025",Boards - Exact,$27.46,$190.86,40,"1,973"
"Sep 29, 2025",Coffee - Exact,$24.22,$115.73,24,"1,050"
"Sep 29, 2025",Coffee - Broad,$26.36,$63.37,32,"1,098"
"Sep 29, 2025",Catalog - Auto,$113.78,$272.21,108,"6,057"
"Sep 30, 2025",Skillets - Exact,$85.22,$495.42,80,"3,702"
"Sep 30, 2025",Skillets - Broad,$46.13,$135.61,62,"2,308"
"Sep 30, 2025",Knives - Exact,$81.25,$352.05,98,"5,528"
"Sep 30, 2025",Knives - Broad,$34.55,$102.17,43,"1,843"
"Sep 30, 2025",Boards - Exact,$35.72,$194.82,54,"2,750"
"Sep 30, 2025",Coffee - Exact,$31.59,$150.58,30,"1,119"
"Sep 30, 2025",Coffee - Broad,$24.43,$89.63,24,"1,182"
"Sep 30, 2025",Catalog - Auto,$74.07,$241.66,94,"5,080"
"Oct 01, 2025",Skillets - Exact,$53.62,$214.23,50,"2,031"
"Oct 01, 2025",Skillets - Broad,$33.65,$127.22,49,"2,690"
"Oct 01, 2025",Knives - Exact,$56.71,$255.96,82,"3,586"
"Oct 01, 2025",Knives - Broad,$31.25,$84.56,53,"2,459"
"Oct 01, 2025",Boards - Exact,$22.49,$129.59,28,"1,141"
"Oct 01, 2025",Coffee - Exact,$24.52,$102.86,29,"1,250"
"Oct 01, 2025",Coffee - Broad,$22.36,$89.59,30,"1,609"
"Oct 01, 2025",Catalog - Auto,$121.15,$213.61,139,"5,161"
"Oct 02, 2025",Skillets - Exact,$90.03,$488.76,97,"3,508"
"Oct 02, 2025",Skillets - Broad,$47.55,$100.99,62,"3,473"
"Oct 02, 2025",Knives - Exact,$69.69,$362.66,122,"4,951"
"Oct 02, 2025",Knives - Broad,$41.49,$92.54,49,"1,980"
"Oct 02, 2025",Boards - Exact,$25.12,$93.82,31,"1,753"
"Oct 02, 2025",Coffee - Exact,$45.34,$156.14,50,"2,955"
"Oct 02, 2025",Coffee - Broad,$20.92,$39.33,20,705
"Oct 02, 2025",Catalog - Auto,$90.17,$149.25,161,"7,375"
"Oct 03, 2025",Skillets - Exact,$67.55,$327.07,90,"3,702"
"Oct 03, 2025",Skillets - Broad,$43.46,$86.64,44,"1,424"
"Oct 03, 2025",Knives - Exact,$52.23,$219.05,94,"3,531"
"Oct 03, 2025",Knives - Broad,$41.23,$143.78,58,"2,478"
"Oct 03, 2025",Boards - Exact,$28.33,$135.20,30,"1,392"
"Oct 03, 2025",Coffee - Exact,$24.25,$131.06,37,"1,942"
"Oct 03, 2025",Coffee - Broad,$29.94,$64.06,45,"1,529"
"Oct 03, 2025",Catalog - Auto,$65.23,$131.77,96,"4,912"
"Oct 04, 2025",Skillets - Exact,$55.01,$207.86,53,"2,837"
"Oct 04, 2025",Skillets - Broad,$59.07,$177.04,64,"2,867"
"Oct 04, 2025",Knives - Exact,$59.79,$209.18,98,"3,734"
"Oct 04, 2025",Knives - Broad,$42.00,$137.66,52,"2,580"
"Oct 04, 2025",Boards - Exact,$31.55,$71.07,49,"2,626"
"Oct 04, 2025",Coffee - Exact,$32.82,$167.15,34,"1,338"
"Oct 04, 2025",Coffee - Broad,$24.22,$66.35,34,"1,099"
"Oct 04, 2025",Catalog - Auto,$107.10,$148.75,118,"4,631"
"Oct 05, 2025",Skillets - Exact,$50.51,$257.36,54,"2,444"
"Oct 05, 2025",Skillets - Broad,$38.88,$106.68,38,"1,155"
"Oct 05, 2025",Knives - Exact,$44.97,$159.15,44,"2,048"
"Oct 05, 2025",Knives - Broad,$35.84,$87.97,38,"2,001"
"Oct 05, 2025",Boards - Exact,$45.54,$227.45,78,"3,671"
"Oct 05, 2025",Coffee - Exact,$28.42,$88.53,38,"1,953"
"Oct 05, 2025",Coffee - Broad,$29.88,$67.16,51,"2,853"
"Oct 05, 2025",Catalog - Auto,$73.25,$162.69,129,"5,918"
"Oct 06, 2025",Skillets - Exact,$70.49,$385.70,89,"5,122"
"Oct 06, 2025",Skillets - Broad,$48.61,$149.99,83,"4,863"
"Oct 06, 2025",Knives - Exact,$41.52,$179.36,51,"1,787"
"Oct 06, 2025",Knives - Broad,$31.80,$59.78,47,"1,995"
"Oct 06, 2025",Boards - Exact,$33.63,$171.67,36,"1,749"
"Oct 06, 2025",Coffee - Exact,$32.07,$128.38,42,"1,237"
"Oct 06, 2025",Coffee - Broad,$22.79,$69.74,28,"1,004"
"Oct 06, 2025",Catalog - Auto,$78.64,$174.16,116,"3,486"
"Oct 07, 2025",Skillets - Exact,$70.58,$305.15,92,"3,846"
"Oct 07, 2025",Skillets - Broad,$42.43,$161.87,43,"2,497"
"Oct 07, 2025",Knives - Exact,$50.86,$291.38,52,"2,218"
"Oct 07, 2025",Knives - Broad,$40.05,$97.29,55,"1,723"
"Oct 07, 2025",Boards - Exact,$28.07,$153.55,36,"1,650"
"Oct 07, 2025",Coffee - Exact,$28.45,$134.12,31,"1,322"
"Oct 07, 2025",Coffee - Broad,$26.17,$50.68,39,"1,435"
"Oct 07, 2025",Catalog - Auto,$82.51,$142.89,149,"4,944"
"Oct 08, 2025",Skillets - Exact,$53.80,$305.41,73,"3,325"
"Oct 08, 2025",Skillets - Broad,$35.17,$111.13,32,"1,007"
"Oct 08, 2025",Knives - Exact,$56.40,$237.70,51,"2,436"
"Oct 08, 2025",Knives - Broad,$27.07,$139.79,45,"2,663"
"Oct 08, 2025",Boards - Exact,$35.34,$114.93,45,"1,813"
"Oct 08, 2025",Coffee - Exact,$36.99,$162.12,33,"1,324"
"Oct 08, 2025",Coffee - Broad,$24.36,$83.51,41,"2,359"
"Oct 08, 2025",Catalog - Auto,$79.66,$124.93,126,"5,679"
"Oct 09, 2025",Skillets - Exact,$81.65,$413.02,128,"4,584"
"Oct 09, 2025",Skillets - Broad,$60.12,$153.07,63,"3,779"
"Oct 09, 2025",Knives - Exact,$56.39,$250.70,61,"1,825"
"Oct 09, 2025",Knives - Broad,$28.39,$95.61,32,"1,270"
"Oct 09, 2025",Boards - Exact,$24.71,$86.92,37,"1,703"
"Oct 09, 2025",Coffee - Exact,$34.29,$166.76,42,"1,608"
"Oct 09, 2025",Coffee - Broad,$20.96,$39.39,37,"2,204"
"Oct 09, 2025",Catalog - Auto,$71.65,$130.82,111,"4,115"
"Oct 10, 2025",Skillets - Exact,$76.09,$388.25,76,"4,457"
"Oct 10, 2025",Skillets - Broad,$47.73,$134.43,48,"1,571"
"Oct 10, 2025",Knives - Exact,$53.93,$220.46,73,"2,411"
"Oct 10, 2025",Knives - Broad,$36.94,$84.64,34,"1,062"
"Oct 10, 2025",Boards - Exact,$36.41,$148.30,42,"1,607"
"Oct 10, 2025",Coffee - Exact,$31.14,$101.63,47,"2,022"
"Oct 10, 2025",Coffee - Broad,$24.00,$65.60,22,972
"Oct 10, 2025",Catalog - Auto,$74.44,$169.91,79,"4,022"
"Oct 11, 2025",Skillets - Exact,$73.39,$190.74,104,"3,243"
"Oct 11, 2025",Skillets - Broad,$64.63,$227.01,94,"2,815"
"Oct 11, 2025",Knives - Exact,$51.84,$243.17,58,"3,092"
"Oct 11, 2025",Knives - Broad,$33.91,$113.17,39,"1,795"
"Oct 11, 2025",Boards - Exact,$24.40,$106.19,36,"2,136"
"Oct 11, 2025",Coffee - Exact,$43.40,$214.65,49,"1,756"
"Oct 11, 2025",Coffee - Broad,$19.16,$77.29,19,891
"Oct 11, 2025",Catalog - Auto,$126.53,$276.70,131,"4,896"
"Oct 12, 2025",Skillets - Exact,$73.25,$327.49,78,"2,879"
"Oct 12, 2025",Skillets - Broad,$56.68,$180.92,94,"3,613"
"Oct 12, 2025",Knives - Exact,$57.22,$141.47,70,"3,238"
"Oct 12, 2025",Knives - Broad,$43.07,$110.44,61,"3,386"
"Oct 12, 2025",Boards - Exact,$25.31,$115.62,25,752
"Oct 12, 2025",Coffee - Exact,$36.06,$106.68,33,"1,670"
"Oct 12, 2025",Coffee - Broad,$38.79,$86.92,59,"2,852"
"Oct 12, 2025",Catalog - Auto,$95.68,$154.91,98,"4,147"
"Oct 13, 2025",Skillets - Exact,$66.72,$286.03,63,"2,265"
"Oct 13, 2025",Skillets - Broad,$50.13,$182.12,55,"2,918"
"Oct 13, 2025",Knives - Exact,$48.72,$201.86,76,"2,652"
"Oct 13, 2025",Knives - Broad,$41.72,$143.20,52,"1,863"
"Oct 13, 2025",Boards - Exact,$32.23,$228.64,40,"1,644"
"Oct 13, 2025",Coffee - Exact,$29.56,$223.92,37,"1,055"
"Oct 13, 2025",Coffee - Broad,$34.51,$94.73,36,"2,009"
"Oct 13, 2025",Catalog - Auto,$93.96,$157.32,106,"5,033"
"Oct 14, 2025",Skillets - Exact,$75.11,$372.30,122,"5,990"
"Oct 14, 2025",Skillets - Broad,$48.46,$130.30,66,"2,282"
"Oct 14, 2025",Knives - Exact,$56.61,$308.46,53,"2,968"
"Oct 14, 2025",Knives - Broad,$37.39,$62.92,34,"1,458"
"Oct 14, 2025",Boards - Exact,$35.93,$122.25,46,"1,667"
"Oct 14, 2025",Coffee - Exact,$34.19,$172.54,52,"3,052"
"Oct 14, 2025",Coffee - Broad,$29.71,$72.59,32,"1,235"
"Oct 14, 2025",Catalog - Auto,$107.85,$241.22,101,"3,803"
"Oct 15, 2025",Skillets - Exact,$79.64,$273.04,87,"3,692"
"Oct 15, 2025",Skillets - Broad,$52.58,$109.79,57,"2,090"
"Oct 15, 2025",Knives - Exact,$60.93,$284.68,83,"3,204"
"Oct 15, 2025",Knives - Broad,$54.62,$155.38,83,"3,763"
"Oct 15, 2025",Boards - Exact,$33.88,$126.22,31,"1,291"
"Oct 15, 2025",Coffee - Exact,$35.58,$129.75,62,"3,167"
"Oct 15, 2025",Coffee - Broad,$30.12,$128.93,51,"2,696"
"Oct 15, 2025",Catalog - Auto,$104.00,$196.26,161,"9,639"
"Oct 16, 2025",Skillets - Exact,$71.57,$370.95,79,"4,070"
"Oct 16, 2025",Skillets - Broad,$63.48,$198.32,97,"2,719"
"Oct 16, 2025",Knives - Exact,$49.13,$169.73,79,"2,683"
"Oct 16, 2025",Knives - Broad,$35.61,$100.69,61,"3,496"
"Oct 16, 2025",Boards - Exact,$40.35,$120.32,37,"1,205"
"Oct 16, 2025",Coffee - Exact,$47.45,$236.14,51,"1,585"
"Oct 16, 2025",Coffee - Broad,$25.96,$101.99,29,"1,728"
"Oct 16, 2025",Catalog - Auto,$94.97,$273.04,87,"4,324"
"Oct 17, 2025",Skillets - Exact,$78.06,$384.80,103,"2,898"
"Oct 17, 2025",Skillets - Broad,$57.31,$166.42,82,"3,586"
"Oct 17, 2025",Knives - Exact,$59.58,$265.71,100,"5,126"
"Oct 17, 2025",Knives - Broad,$51.48,$128.16,72,"2,465"
"Oct 17, 2025",Boards - Exact,$35.36,$119.40,37,"1,803"
"Oct 17, 2025",Coffee - Exact,$42.40,$195.10,70,"2,306"
"Oct 17, 2025",Coffee - Broad,$34.00,$79.92,32,"1,835"
"Oct 17, 2025",Catalog - Auto,$117.55,$231.83,150,"4,217"
"Oct 18, 2025",Skillets - Exact,$78.87,$290.47,130,"5,103"
"Oct 18, 2025",Skillets - Broad,$70.88,$180.85,81,"2,648"
"Oct 18, 2025",Knives - Exact,$122.50,$375.21,173,"6,674"
"Oct 18, 2025",Knives - Broad,$49.23,$140.64,50,"2,513"
"Oct 18, 2025",Boards - Exact,$39.05,$161.56,42,"1,438"
"Oct 18, 2025",Coffee - Exact,$41.20,$144.10,52,"1,643"
"Oct 18, 2025",Coffee - Broad,$30.19,$54.39,47,"1,515"
"Oct 18, 2025",Catalog - Auto,$124.88,$234.75,167,"6,397"
"Oct 19, 2025",Skillets - Exact,$96.52,$304.83,91,"3,421"
"Oct 19, 2025",Skillets - Broad,$48.60,$160.71,65,"3,488"
"Oct 19, 2025",Knives - Exact,$73.54,$341.06,67,"3,062"
"Oct 19, 2025",Knives - Broad,$48.90,$133.77,85,"4,567"
"Oct 19, 2025",Boards - Exact,$29.39,$109.12,34,999
"Oct 19, 2025",Coffee - Exact,$33.94,$117.73,57,"2,466"
"Oct 19, 2025",Coffee - Broad,$25.48,$49.35,38,"1,992"
"Oct 19, 2025",Catalog - Auto,$94.15,$170.00,87,"4,092"
"Oct 20, 2025",Skillets - Exact,$89.93,$443.24,95,"5,152"
"Oct 20, 2025",Skillets - Broad,$76.30,$157.24,104,"3,262"
"Oct 20, 2025",Knives - Exact,$70.58,$311.45,100,"3,102"
"Oct 20, 2025",Knives - Broad,$44.12,$110.33,49,"2,032"
"Oct 20, 2025",Boards - Exact,$32.90,$171.19,44,"2,246"
"Oct 20, 2025",Coffee - Exact,$55.48,$323.90,67,"3,948"
"Oct 20, 2025",Coffee - Broad,$34.00,$55.98,41,"1,183"
"Oct 20, 2025",Catalog - Auto,$107.61,$154.93,155,"9,297"
"Oct 21, 2025",Skillets - Exact,$75.90,$364.64,129,"3,717"
"Oct 21, 2025",Skillets - Broad,$83.42,$140.31,78,"4,523"
"Oct 21, 2025",Knives - Exact,$85.08,$400.59,119,"3,576"
"Oct 21, 2025",Knives - Broad,$40.66,$132.78,68,"2,581"
"Oct 21, 2025",Boards - Exact,$42.58,$178.69,45,"2,414"
"Oct 21, 2025",Coffee - Exact,$35.96,$183.46,46,"2,537"
"Oct 21, 2025",Coffee - Broad,$34.11,$59.35,31,"1,141"
"Oct 21, 2025",Catalog - Auto,$130.78,$185.42,173,"6,789"
"Oct 22, 2025",Skillets - Exact,$92.57,$368.78,130,"5,806"
"Oct 22, 2025",Skillets - Broad,$87.17,$163.99,136,"4,258"
"Oct 22, 2025",Knives - Exact,$78.57,$279.58,79,"3,703"
"Oct 22, 2025",Knives - Broad,$48.39,$111.35,85,"2,696"
"Oct 22, 2025",Boards - Exact,$34.01,$172.62,41,"1,615"
"Oct 22, 2025",Coffee - Exact,$43.78,$251.04,47,"2,319"
"Oct 22, 2025",Coffee - Broad,$44.62,$81.13,51,"2,401"
"Oct 22, 2025",Catalog - Auto,$153.05,$215.55,164,"7,990"
"Oct 23, 2025",Skillets - Exact,$105.93,$351.20,101,"2,945"
"Oct 23, 2025",Skillets - Broad,$74.71,$182.97,90,"3,742"
"Oct 23, 2025",Knives - Exact,$83.30,$350.55,104,"6,088"
"Oct 23, 2025",Knives - Broad,$62.68,$268.15,59,"2,703"
"Oct 23, 2025",Boards - Exact,$48.49,$139.44,56,"3,261"
"Oct 23, 2025",Coffee - Exact,$54.16,$187.84,86,"4,331"
"Oct 23, 2025",Coffee - Broad,$42.22,$89.05,44,"2,537"
"Oct 23, 2025",Catalog - Auto,$148.57,$162.52,159,"7,749"
"Oct 24, 2025",Skillets - Exact,$118.59,$513.06,141,"8,041"
"Oct 24, 2025",Skillets - Broad,$69.14,$136.42,82,"2,956"
"Oct 24, 2025",Knives - Exact,$82.39,$203.74,90,"2,906"
"Oct 24, 2025",Knives - Broad,$51.12,$113.46,71,"2,515"
"Oct 24, 2025",Boards - Exact,$32.60,$126.06,56,"3,092"
"Oct 24, 2025",Coffee - Exact,$56.75,$145.46,62,"2,535"
"Oct 24, 2025",Coffee - Broad,$38.17,$97.61,63,"3,535"
"Oct 24, 2025",Catalog - Auto,$142.60,$270.52,165,"7,564"
"Oct 25, 2025",Skillets - Exact,$64.69,$251.56,75,"2,889"
"Oct 25, 2025",Skillets - Broad,$71.89,$160.12,81,"2,952"
"Oct 25, 2025",Knives - Exact,$71.63,$314.72,95,"5,332"
"Oct 25, 2025",Knives - Broad,$52.18,$129.69,54,"2,079"
"Oct 25, 2025",Boards - Exact,$33.84,$100.63,39,"1,093"
"Oct 25, 2025",Coffee - Exact,$45.11,$199.98,46,"2,668"
"Oct 25, 2025",Coffee - Broad,$35.91,$87.71,36,"1,528"
"Oct 25, 2025",Catalog - Auto,$119.68,$199.12,168,"8,743"
"Oct 26, 2025",Skillets - Exact,$98.01,$265.37,136,"5,159"
"Oct 26, 2025",Skillets - Broad,$52.11,$111.46,65,"2,969"
"Oct 26, 2025",Knives - Exact,$96.12,$278.20,122,"6,643"
"Oct 26, 2025",Knives - Broad,$51.19,$130.89,59,"2,487"
"Oct 26, 2025",Boards - Exact,$54.94,$134.77,63,"3,175"
"Oct 26, 2025",Coffee - Exact,$69.29,$253.48,84,"3,933"
"Oct 26, 2025",Coffee - Broad,$38.19,$53.50,43,"1,382"
"Oct 26, 2025",Catalog - Auto,$128.97,$166.19,133,"5,393"
"Oct 27, 2025",Skillets - Exact,$129.27,$456.55,149,"4,175"
"Oct 27, 2025",Skillets - Broad,$70.83,$202.98,82,"3,599"
"Oct 27, 2025",Knives - Exact,$93.86,$363.65,133,"7,806"
"Oct 27, 2025",Knives - Broad,$65.63,$98.25,60,"3,444"
"Oct 27, 2025",Boards - Exact,$47.13,$129.10,73,"3,313"
"Oct 27, 2025",Coffee - Exact,$53.11,$181.15,51,"1,607"
"Oct 27, 2025",Coffee - Broad,$39.45,$89.72,50,"1,574"
"Oct 27, 2025",Catalog - Auto,$131.84,$195.86,161,"4,759"
"Oct 28, 2025",Skillets - Exact,$109.92,$282.93,171,"8,646"
"Oct 28, 2025",Skillets - Broad,$83.55,$245.42,95,"3,130"
"Oct 28, 2025",Knives - Exact,$75.12,$277.06,88,"4,959"
"Oct 28, 2025",Knives - Broad,$44.78,$82.62,55,"2,385"
"Oct 28, 2025",Boards - Exact,$68.02,$289.79,66,"3,672"
"Oct 28, 2025",Coffee - Exact,$62.65,$152.06,74,"2,765"
"Oct 28, 2025",Coffee - Broad,$43.83,$70.81,41,"1,965"
"Oct 28, 2025",Catalog - Auto,$136.36,$281.84,164,"9,339"
"Oct 29, 2025",Skillets - Exact,$131.49,$554.83,131,"7,276"
"Oct 29, 2025",Skillets - Broad,$90.25,$219.30,125,"6,548"
"Oct 29, 2025",Knives - Exact,$86.35,$243.24,108,"4,138"
"Oct 29, 2025",Knives - Broad,$61.05,$183.61,88,"4,563"
"Oct 29, 2025",Boards - Exact,$57.68,$184.25,58,"2,370"
"Oct 29, 2025",Coffee - Exact,$67.98,$258.48,68,"2,754"
"Oct 29, 2025",Coffee - Broad,$54.07,$103.36,76,"4,083"
"Oct 29, 2025",Catalog - Auto,$119.25,$225.92,199,"5,855"
"Oct 30, 2025",Skillets - Exact,$137.35,$497.56,173,"6,432"
"Oct 30, 2025",Skillets - Broad,$74.23,$165.80,110,"6,373"
"Oct 30, 2025",Knives - Exact,$91.69,$307.74,133,"4,571"
"Oct 30, 2025",Knives - Broad,$78.30,$169.82,107,"5,102"
"Oct 30, 2025",Boards - Exact,$47.02,$240.78,50,"1,985"
"Oct 30, 2025",Coffee - Exact,$57.66,$225.09,53,"2,539"
"Oct 30, 2025",Coffee - Broad,$38.22,$104.89,37,"1,827"
"Oct 30, 2025",Catalog - Auto,$154.65,$229.32,168,"8,159"
"Oct 31, 2025",Skillets - Exact,$101.46,$542.76,93,"4,386"
"Oct 31, 2025",Skillets - Broad,$83.76,$151.34,143,"7,766"
"Oct 31, 2025",Knives - Exact,$67.50,$334.26,79,"2,911"
"Oct 31, 2025",Knives - Broad,$64.05,$156.55,98,"2,906"
"Oct 31, 2025",Boards - Exact,$49.34,$133.49,64,"2,298"
"Oct 31, 2025",Coffee - Exact,$73.75,$276.78,110,"4,169"
"Oct 31, 2025",Coffee - Broad,$47.67,$116.71,80,"2,646"
"Oct 31, 2025",Catalog - Auto,$144.37,$198.84,216,"12,326"
"Nov 01, 2025",Skillets - Exact,$151.72,$553.14,222,"9,198"
"Nov 01, 2025",Skillets - Broad,$140.82,$250.21,185,"8,589"
"Nov 01, 2025",Knives - Exact,$170.15,$386.09,238,"9,298"
"Nov 01, 2025",Knives - Broad,$69.38,$143.18,95,"4,397"
"Nov 01, 2025",Boards - Exact,$67.43,$196.59,70,"2,343"
"Nov 01, 2025",Coffee - Exact,$63.32,$145.53,97,"3,009"
"Nov 01, 2025",Coffee - Broad,$81.33,$102.06,91,"3,659"
"Nov 01, 2025",Catalog - Auto,$217.58,$204.01,362,"16,421"
"Nov 02, 2025",Skillets - Exact,$146.10,$550.85,204,"6,021"
"Nov 02, 2025",Skillets - Broad,$89.75,$123.73,103,"5,139"
"Nov 02, 2025",Knives - Exact,$104.31,$385.48,142,"7,021"
"Nov 02, 2025",Knives - Broad,$68.56,$118.32,66,"3,450"
"Nov 02, 2025",Boards - Exact,$89.75,$257.63,88,"4,808"
"Nov 02, 2025",Coffee - Exact,$78.83,$289.05,74,"3,197"
"Nov 02, 2025",Coffee - Broad,$51.58,$100.60,50,"2,090"
"Nov 02, 2025",Catalog - Auto,$240.03,$328.25,222,"7,984"
"Nov 03, 2025",Skillets - Exact,$198.60,$566.78,186,"10,606"
"Nov 03, 2025",Skillets - Broad,$74.80,$227.20,116,"6,867"
"Nov 03, 2025",Knives - Exact,$119.48,$531.97,120,"5,054"
"Nov 03, 2025",Knives - Broad,$87.40,$191.59,85,"3,769"
"Nov 03, 2025",Boards - Exact,$88.07,$206.45,128,"7,174"
"Nov 03, 2025",Coffee - Exact,$75.68,$218.52,126,"5,590"
"Nov 03, 2025",Coffee - Broad,$39.71,$89.02,49,"1,911"
"Nov 03, 2025",Catalog - Auto,$193.47,$303.45,182,"6,057"
"Nov 04, 2025",Skillets - Exact,$103.71,$286.46,173,"6,221"
"Nov 04, 2025",Skillets - Broad,$108.69,$180.07,130,"5,042"
"Nov 04, 2025",Knives - Exact,$130.68,$423.15,122,"7,169"
"Nov 04, 2025",Knives - Broad,$80.40,$121.47,81,"3,541"
"Nov 04, 2025",Boards - Exact,$79.38,$276.77,82,"4,820"
"Nov 04, 2025",Coffee - Exact,$55.36,$262.37,52,"1,832"
"Nov 04, 2025",Coffee - Broad,$51.13,$82.25,47,"1,508"
"Nov 04, 2025",Catalog - Auto,$160.43,$206.18,238,"9,137"
"Nov 05, 2025",Skillets - Exact,$140.19,$447.93,163,"7,971"
"Nov 05, 2025",Skillets - Broad,$92.18,$209.73,118,"4,337"
"Nov 05, 2025",Knives - Exact,$119.29,$326.72,165,"5,561"
"Nov 05, 2025",Knives - Broad,$82.62,$178.31,90,"4,333"
"Nov 05, 2025",Boards - Exact,$70.24,$269.09,81,"2,625"
"Nov 05, 2025",Coffee - Exact,$89.73,$280.70,114,"4,616"
"Nov 05, 2025",Coffee - Broad,$54.81,$92.27,59,"3,240"
"Nov 05, 2025",Catalog - Auto,$175.25,$260.38,207,"6,002"
"Nov 06, 2025",Skillets - Exact,$191.66,$487.72,274,"10,547"
"Nov 06, 2025",Skillets - Broad,$83.97,$122.56,103,"4,931"
"Nov 06, 2025",Knives - Exact,$109.29,$254.70,153,"6,438"
"Nov 06, 2025",Knives - Broad,$95.68,$166.05,96,"3,557"
"Nov 06, 2025",Boards - Exact,$70.52,$208.88,77,"3,654"
"Nov 06, 2025",Coffee - Exact,$67.63,$169.33,72,"2,560"
"Nov 06, 2025",Coffee - Broad,$48.06,$118.17,68,"2,702"
"Nov 06, 2025",Catalog - Auto,$183.99,$341.75,274,"14,724"
"Nov 07, 2025",Skillets - Exact,$169.90,$619.04,285,"12,266"
"Nov 07, 2025",Skillets - Broad,$102.82,$228.19,139,"8,114"
"Nov 07, 2025",Knives - Exact,$98.23,$380.64,142,"6,794"
"Nov 07, 2025",Knives - Broad,$80.25,$105.40,121,"3,820"
"Nov 07, 2025",Boards - Exact,$84.65,$188.21,108,"3,031"
"Nov 07, 2025",Coffee - Exact,$94.75,$247.72,121,"6,166"
"Nov 07, 2025",Coffee - Broad,$48.21,$117.43,59,"3,492"
"Nov 07, 2025",Catalog - Auto,$206.18,$196.80,202,"11,661"
"Nov 08, 2025",Skillets - Exact,$140.81,$435.49,153,"6,810"
"Nov 08, 2025",Skillets - Broad,$99.45,$246.08,111,"4,213"
"Nov 08, 2025",Knives - Exact,$117.61,$376.35,179,"5,833"
"Nov 08, 2025",Knives - Broad,$70.17,$129.83,83,"3,318"
"Nov 08, 2025",Boards - Exact,$55.81,$161.69,53,"2,412"
"Nov 08, 2025",Coffee - Exact,$89.99,$250.31,110,"6,126"
"Nov 08, 2025",Coffee - Broad,$50.38,$98.30,70,"3,122"
"Nov 08, 2025",Catalog - Auto,$212.53,$303.97,270,"9,442"
"Nov 09, 2025",Skillets - Exact,$117.70,$669.87,111,"3,845"
"Nov 09, 2025",Skillets - Broad,$120.18,$237.17,119,"3,861"
"Nov 09, 2025",Knives - Exact,$106.40,$348.24,121,"5,363"
"Nov 09, 2025",Knives - Broad,$77.09,$232.19,110,"4,286"
"Nov 09, 2025",Boards - Exact,$58.39,$356.91,97,"2,943"
"Nov 09, 2025",Coffee - Exact,$74.52,$202.07,84,"2,830"
"Nov 09, 2025",Coffee - Broad,$51.09,$68.79,85,"4,762"
"Nov 09, 2025",Catalog - Auto,$166.96,$271.33,154,"8,966"
"Nov 10, 2025",Skillets - Exact,$111.38,$579.80,127,"7,576"
"Nov 10, 2025",Skillets - Broad,$98.52,$284.20,128,"4,876"
"Nov 10, 2025",Knives - Exact,$111.21,$296.43,158,"6,168"
"Nov 10, 2025",Knives - Broad,$57.13,$140.19,72,"2,346"
"Nov 10, 2025",Boards - Exact,$46.22,$180.38,55,"1,887"
"Nov 10, 2025",Coffee - Exact,$69.87,$300.00,120,"3,895"
"Nov 10, 2025",Coffee - Broad,$41.44,$83.27,69,"2,906"
"Nov 10, 2025",Catalog - Auto,$142.04,$164.90,188,"5,696"
"Nov 11, 2025",Skillets - Exact,$151.50,$343.90,138,"8,264"
"Nov 11, 2025",Skillets - Broad,$80.01,$185.89,134,"5,139"
"Nov 11, 2025",Knives - Exact,$82.76,$293.99,137,"5,823"
"Nov 11, 2025",Knives - Broad,$52.98,$97.26,56,"2,208"
"Nov 11, 2025",Boards - Exact,$73.18,$382.85,86,"2,915"
"Nov 11, 2025",Coffee - Exact,$43.27,$160.94,67,"3,189"
"Nov 11, 2025",Coffee - Broad,$50.51,$112.49,47,"1,381"
"Nov 11, 2025",Catalog - Auto,$142.34,$260.88,206,"8,753"
"Nov 12, 2025",Skillets - Exact,$152.85,$359.51,227,"7,761"
"Nov 12, 2025",Skillets - Broad,$72.69,$192.72,73,"4,256"
"Nov 12, 2025",Knives - Exact,$114.54,$396.15,140,"7,975"
"Nov 12, 2025",Knives - Broad,$70.03,$201.66,77,"3,502"
"Nov 12, 2025",Boards - Exact,$48.34,$202.82,47,"1,886"
"Nov 12, 2025",Coffee - Exact,$80.25,$161.47,83,"2,683"
"Nov 12, 2025",Coffee - Broad,$41.73,$154.76,60,"2,144"
"Nov 12, 2025",Catalog - Auto,$170.86,$162.42,159,"7,856"
"Nov 13, 2025",Skillets - Exact,$115.80,$344.83,115,"6,347"
"Nov 13, 2025",Skillets - Broad,$94.37,$173.60,122,"6,540"
"Nov 13, 2025",Knives - Exact,$87.21,$253.94,136,"6,359"
"Nov 13, 2025",Knives - Broad,$51.06,$125.62,72,"3,618"
"Nov 13, 2025",Boards - Exact,$48.74,$186.41,63,"3,069"
"Nov 13, 2025",Coffee - Exact,$70.91,$273.59,125,"5,126"
"Nov 13, 2025",Coffee - Broad,$43.62,$69.69,68,"2,885"
"Nov 13, 2025",Catalog - Auto,$135.86,$241.17,142,"5,383"
"Nov 14, 2025",Skillets - Exact,$133.25,$359.58,157,"7,496"
"Nov 14, 2025",Skillets - Broad,$93.56,$164.39,154,"8,081"
"Nov 14, 2025",Knives - Exact,$90.61,$248.35,135,"5,176"
"Nov 14, 2025",Knives - Broad,$69.39,$236.93,74,"4,215"
"Nov 14, 2025",Boards - Exact,$50.69,$198.42,59,"2,229"
"Nov 14, 2025",Coffee - Exact,$64.63,$230.44,68,"3,488"
"Nov 14, 2025",Coffee - Broad,$46.84,$95.99,64,"3,487"
"Nov 14, 2025",Catalog - Auto,$153.29,$236.20,157,"5,742"
"Nov 15, 2025",Skillets - Exact,$96.71,$263.58,133,"5,782"
"Nov 15, 2025",Skillets - Broad,$72.90,$188.00,70,"2,823"
"Nov 15, 2025",Knives - Exact,$79.66,$272.92,95,"4,117"
"Nov 15, 2025",Knives - Broad,$56.53,$132.12,59,"2,835"
"Nov 15, 2025",Boards - Exact,$46.19,$162.60,55,"1,576"
"Nov 15, 2025",Coffee - Exact,$58.71,$149.37,62,"3,315"
"Nov 15, 2025",Coffee - Broad,$42.98,$82.38,75,"3,019"
"Nov 15, 2025",Catalog - Auto,$185.83,$260.10,327,"16,380"
"Nov 16, 2025",Skillets - Exact,$133.25,$490.35,193,"8,726"
"Nov 16, 2025",Skillets - Broad,$93.15,$222.69,107,"3,018"
"Nov 16, 2025",Knives - Exact,$101.05,$442.39,126,"4,364"
"Nov 16, 2025",Knives - Broad,$64.80,$152.04,63,"2,563"
"Nov 16, 2025",Boards - Exact,$50.11,$109.13,89,"3,643"
"Nov 16, 2025",Coffee - Exact,$55.86,$271.68,51,"2,582"
"Nov 16, 2025",Coffee - Broad,$26.95,$62.83,27,"1,236"
"Nov 16, 2025",Catalog - Auto,$188.21,$323.80,206,"11,693"
"Nov 17, 2025",Skillets - Exact,$140.67,$464.84,150,"6,525"
"Nov 17, 2025",Skillets - Broad,$71.62,$190.92,117,"3,777"
"Nov 17, 2025",Knives - Exact,$81.96,$236.91,137,"7,009"
"Nov 17, 2025",Knives - Broad,$67.37,$170.16,95,"4,238"
"Nov 17, 2025",Boards - Exact,$54.88,$195.19,84,"2,627"
"Nov 17, 2025",Coffee - Exact,$52.50,$227.09,86,"4,099"
"Nov 17, 2025",Coffee - Broad,$54.64,$108.99,83,"2,488"
"Nov 17, 2025",Catalog - Auto,$133.61,$244.37,142,"5,597"
"Nov 18, 2025",Skillets - Exact,$139.26,$574.90,161,"5,464"
"Nov 18, 2025",Skillets - Broad,$67.11,$182.49,61,"3,044"
"Nov 18, 2025",Knives - Exact,$104.60,$350.80,142,"4,670"
"Nov 18, 2025",Knives - Broad,$57.08,$103.45,64,"2,153"
"Nov 18, 2025",Boards - Exact,$51.33,$177.53,47,"1,365"
"Nov 18, 2025",Coffee - Exact,$69.74,$238.67,118,"3,953"
"Nov 18, 2025",Coffee - Broad,$39.72,$189.96,43,"2,281"
"Nov 18, 2025",Catalog - Auto,$188.29,$178.75,226,"11,521"
"Nov 19, 2025",Skillets - Exact,$108.19,$270.96,192,"6,579"
"Nov 19, 2025",Skillets - Broad,$78.38,$142.20,123,"4,179"
"Nov 19, 2025",Knives - Exact,$94.83,$451.80,161,"4,665"
"Nov 19, 2025",Knives - Broad,$45.36,$83.05,64,"3,756"
"Nov 19, 2025",Boards - Exact,$44.97,$177.64,45,"2,248"
"Nov 19, 2025",Coffee - Exact,$51.95,$212.50,52,"2,776"
"Nov 19, 2025",Coffee - Broad,$40.16,$75.91,39,"1,356"
"Nov 19, 2025",Catalog - Auto,$152.56,$253.31,149,"5,550"
"Nov 20, 2025",Skillets - Exact,$133.36,$459.60,178,"8,490"
"Nov 20, 2025",Skillets - Broad,$70.82,$174.76,111,"6,340"
"Nov 20, 2025",Knives - Exact,$75.76,$467.01,85,"2,609"
"Nov 20, 2025",Knives - Broad,$62.14,$108.42,71,"3,827"
"Nov 20, 2025",Boards - Exact,$47.89,$120.45,54,"2,433"
"Nov 20, 2025",Coffee - Exact,$44.39,$111.39,47,"2,816"
"Nov 20, 2025",Coffee - Broad,$49.45,$96.18,79,"3,611"
"Nov 20, 2025",Catalog - Auto,$168.53,$231.99,188,"8,394"
"Nov 21, 2025",Skillets - Exact,$115.31,$400.83,115,"3,231"
"Nov 21, 2025",Skillets - Broad,$88.71,$240.97,90,"4,978"
"Nov 21, 2025",Knives - Exact,$78.31,$427.18,91,"4,349"
"Nov 21, 2025",Knives - Broad,$43.94,$93.71,51,"1,524"
"Nov 21, 2025",Boards - Exact,$62.85,$176.51,59,"1,844"
"Nov 21, 2025",Coffee - Exact,$56.67,$162.49,69,"3,787"
"Nov 21, 2025",Coffee - Broad,$41.70,$95.78,73,"3,238"
"Nov 21, 2025",Catalog - Auto,$150.24,$234.61,242,"11,179"
"Nov 22, 2025",Skillets - Exact,$87.16,$275.50,81,"4,254"
"Nov 22, 2025",Skillets - Broad,$67.00,$162.70,66,"2,234"
"Nov 22, 2025",Knives - Exact,$106.34,$340.68,183,"10,350"
"Nov 22, 2025",Knives - Broad,$38.07,$83.85,52,"2,265"
"Nov 22, 2025",Boards - Exact,$52.64,$255.43,62,"3,044"
"Nov 22, 2025",Coffee - Exact,$59.40,$186.53,73,"3,419"
"Nov 22, 2025",Coffee - Broad,$33.42,$66.96,47,"1,495"
"Nov 22, 2025",Catalog - Auto,$126.00,$157.96,144,"4,814"
"Nov 23, 2025",Skillets - Exact,$137.87,$502.79,132,"3,807"
"Nov 23, 2025",Skillets - Broad,$62.82,$137.19,93,"4,007"
"Nov 23, 2025",Knives - Exact,$50.38,$271.02,70,"2,306"
"Nov 23, 2025",Knives - Broad,$69.99,$124.39,105,"5,495"
"Nov 23, 2025",Boards - Exact,$45.18,$151.18,60,"2,523"
"Nov 23, 2025",Coffee - Exact,$59.58,$210.52,93,"4,920"
"Nov 23, 2025",Coffee - Broad,$31.51,$111.32,56,"2,057"
"Nov 23, 2025",Catalog - Auto,$154.55,$202.29,146,"5,843"
"Nov 24, 2025",Skillets - Exact,$96.54,$391.39,127,"3,768"
"Nov 24, 2025",Skillets - Broad,$41.72,$124.28,60,"3,168"
"Nov 24, 2025",Knives - Exact,$83.00,$327.11,150,"6,651"
"Nov 24, 2025",Knives - Broad,$56.24,$112.80,63,"2,225"
"Nov 24, 2025",Boards - Exact,$35.97,$147.89,55,"1,783"
"Nov 24, 2025",Coffee - Exact,$39.03,$144.53,54,"3,071"
"Nov 24, 2025",Coffee - Broad,$38.36,$58.88,44,"2,031"
"Nov 24, 2025",Catalog - Auto,$163.02,$306.88,228,"8,586"
"Nov 25, 2025",Skillets - Exact,$97.01,$334.30,93,"5,318"
"Nov 25, 2025",Skillets - Broad,$43.37,$151.65,57,"2,489"
"Nov 25, 2025",Knives - Exact,$68.65,$298.07,67,"3,964"
"Nov 25, 2025",Knives - Broad,$53.00,$137.31,63,"2,438"
"Nov 25, 2025",Boards - Exact,$40.66,$113.10,70,"3,807"
"Nov 25, 2025",Coffee - Exact,$52.55,$176.89,71,"4,190"
"Nov 25, 2025",Coffee - Broad,$36.08,$90.18,56,"2,748"
"Nov 25, 2025",Catalog - Auto,$81.69,$197.63,77,"2,843"
"Nov 26, 2025",Skillets - Exact,$90.30,$417.02,109,"5,335"
"Nov 26, 2025",Skillets - Broad,$50.02,$191.14,49,"2,893"
"Nov 26, 2025",Knives - Exact,$56.69,$237.63,57,"2,036"
"Nov 26, 2025",Knives - Broad,$68.53,$153.89,70,"2,211"
"Nov 26, 2025",Boards - Exact,$44.68,$152.20,53,"2,926"
"Nov 26, 2025",Coffee - Exact,$33.02,$204.07,47,"1,854"
"Nov 26, 2025",Coffee - Broad,$27.36,$57.55,26,"1,369"
"Nov 26, 2025",Catalog - Auto,$120.13,$183.14,134,"5,726"
"Nov 27, 2025",Skillets - Exact,$90.23,$320.00,116,"3,945"
"Nov 27, 2025",Skillets - Broad,$59.47,$190.56,68,"3,026"
"Nov 27, 2025",Knives - Exact,$72.49,$196.13,118,"4,438"
"Nov 27, 2025",Knives - Broad,$54.32,$105.42,56,"2,008"
"Nov 27, 2025",Boards - Exact,$48.20,$185.75,49,"2,706"
"Nov 27, 2025",Coffee - Exact,$53.61,$229.52,56,"2,789"
"Nov 27, 2025",Coffee - Broad,$27.25,$82.55,27,"1,030"
"Nov 27, 2025",Catalog - Auto,$112.85,$140.46,136,"4,200"
"Nov 28, 2025",Skillets - Exact,$98.79,$407.52,131,"3,872"
"Nov 28, 2025",Skillets - Broad,$55.19,$164.72,67,"2,638"
"Nov 28, 2025",Knives - Exact,$76.71,$183.56,111,"5,686"
"Nov 28, 2025",Knives - Broad,$47.73,$90.56,51,"1,431"
"Nov 28, 2025",Boards - Exact,$48.99,$175.47,51,"2,684"
"Nov 28, 2025",Coffee - Exact,$33.73,$159.12,35,"2,089"
"Nov 28, 2025",Coffee - Broad,$28.81,$68.64,28,928
"Nov 28, 2025",Catalog - Auto,$123.40,$203.84,216,"9,876"
"Nov 29, 2025",Skillets - Exact,$106.25,$441.64,102,"3,387"
"Nov 29, 2025",Skillets - Broad,$91.30,$157.06,139,"7,545"
"Nov 29, 2025",Knives - Exact,$98.69,$419.32,166,"8,249"
"Nov 29, 2025",Knives - Broad,$48.62,$103.65,44,"2,178"
"Nov 29, 2025",Boards - Exact,$39.21,$151.20,37,"1,798"
"Nov 29, 2025",Coffee - Exact,$43.00,$146.93,52,"2,670"
"Nov 29, 2025",Coffee - Broad,$34.47,$75.83,31,"1,299"
"Nov 29, 2025",Catalog - Auto,$99.96,$146.22,130,"6,232"
"Nov 30, 2025",Skillets - Exact,$81.16,$206.76,89,"4,485"
"Nov 30, 2025",Skillets - Broad,$44.87,$153.67,66,"2,073"
"Nov 30, 2025",Knives - Exact,$62.72,$370.50,87,"4,316"
"Nov 30, 2025",Knives - Broad,$39.13,$115.96,55,"1,779"
"Nov 30, 2025",Boards - Exact,$47.15,$145.11,56,"1,954"
"Nov 30, 2025",Coffee - Exact,$48.94,$176.98,46,"1,449"
"Nov 30, 2025",Coffee - Broad,$26.24,$73.69,37,"1,359"
"Nov 30, 2025",Catalog - Auto,$136.80,$169.32,195,"9,507"
"Dec 01, 2025",Skillets - Exact,$86.32,$472.56,92,"3,094"
"Dec 01, 2025",Skillets - Broad,$89.73,$133.74,162,"6,992"
"Dec 01, 2025",Knives - Exact,$66.85,$289.51,60,"3,443"
"Dec 01, 2025",Knives - Broad,$61.84,$143.12,76,"4,182"
"Dec 01, 2025",Boards - Exact,$45.98,$169.23,74,"3,059"
"Dec 01, 2025",Coffee - Exact,$58.61,$211.24,96,"4,452"
"Dec 01, 2025",Coffee - Broad,$31.11,$65.63,29,"1,234"
"Dec 01, 2025",Catalog - Auto,$168.33,$270.62,217,"11,707"
"Dec 02, 2025",Skillets - Exact,$78.34,$374.21,109,"3,174"
"Dec 02, 2025",Skillets - Broad,$62.52,$165.98,99,"3,125"
"Dec 02, 2025",Knives - Exact,$81.60,$353.15,79,"4,599"
"Dec 02, 2025",Knives - Broad,$55.53,$123.28,58,"3,474"
"Dec 02, 2025",Boards - Exact,$32.69,$146.00,40,"2,216"
"Dec 02, 2025",Coffee - Exact,$50.15,$152.73,73,"3,742"
"Dec 02, 2025",Coffee - Broad,$40.41,$83.08,44,"1,795"
"Dec 02, 2025",Catalog - Auto,$158.86,$226.04,162,"9,603"
"Dec 03, 2025",Skillets - Exact,$129.56,$304.77,171,"5,521"
"Dec 03, 2025",Skillets - Broad,$76.38,$236.47,97,"3,235"
"Dec 03, 2025",Knives - Exact,$91.14,$397.55,87,"4,014"
"Dec 03, 2025",Knives - Broad,$63.80,$208.30,72,"3,183"
"Dec 03, 2025",Boards - Exact,$41.51,$178.72,48,"1,755"
"Dec 03, 2025",Coffee - Exact,$39.09,$212.12,53,"2,848"
"Dec 03, 2025",Coffee - Broad,$36.09,$129.74,46,"1,754"
"Dec 03, 2025",Catalog - Auto,$114.85,$284.14,168,"9,592"
"Dec 04, 2025",Skillets - Exact,$163.36,$583.31,282,"9,080"
"Dec 04, 2025",Skillets - Broad,$67.06,$187.01,99,"5,240"
"Dec 04, 2025",Knives - Exact,$72.92,$340.06,127,"5,357"
"Dec 04, 2025",Knives - Broad,$37.97,$70.60,62,"2,126"
"Dec 04, 2025",Boards - Exact,$44.81,$127.33,54,"3,109"
"Dec 04, 2025",Coffee - Exact,$43.89,$149.97,40,"1,203"
"Dec 04, 2025",Coffee - Broad,$42.00,$91.58,50,"2,875"
"Dec 04, 2025",Catalog - Auto,$126.80,$177.25,181,"8,884"
"Dec 05, 2025",Skillets - Exact,$85.48,$426.43,90,"4,375"
"Dec 05, 2025",Skillets - Broad,$68.97,$155.09,86,"2,425"
"Dec 05, 2025",Knives - Exact,$72.88,$232.23,122,"4,492"
"Dec 05, 2025",Knives - Broad,$58.55,$111.83,53,"3,038"
"Dec 05, 2025",Boards - Exact,$54.32,$222.50,52,"1,987"
"Dec 05, 2025",Coffee - Exact,$30.56,$124.10,37,"1,056"
"Dec 05, 2025",Coffee - Broad,$38.19,$115.95,52,"1,758"
"Dec 05, 2025",Catalog - Auto,$109.74,$150.71,108,"5,644"
"Dec 06, 2025",Skillets - Exact,$92.17,$313.30,160,"6,849"
"Dec 06, 2025",Skillets - Broad,$54.27,$97.88,70,"3,292"
"Dec 06, 2025",Knives - Exact,$101.22,$373.81,121,"6,025"
"Dec 06, 2025",Knives - Broad,$52.64,$132.06,67,"1,910"
"Dec 06, 2025",Boards - Exact,$53.08,$184.45,62,"2,832"
"Dec 06, 2025",Coffee - Exact,$35.58,$159.59,38,"1,920"
"Dec 06, 2025",Coffee - Broad,$39.90,$82.52,61,"2,516"
"Dec 06, 2025",Catalog - Auto,$142.80,$199.57,162,"6,088"
"Dec 07, 2025",Skillets - Exact,$94.73,$523.71,129,"7,024"
"Dec 07, 2025",Skillets - Broad,$73.47,$169.99,118,"3,893"
"Dec 07, 2025",Knives - Exact,$83.87,$288.35,119,"4,966"
"Dec 07, 2025",Knives - Broad,$51.81,$95.72,82,"4,017"
"Dec 07, 2025",Boards - Exact,$43.37,$152.35,65,"3,341"
"Dec 07, 2025",Coffee - Exact,$46.93,$178.45,78,"4,554"
"Dec 07, 2025",Coffee - Broad,$43.69,$93.27,77,"2,843"
"Dec 07, 2025",Catalog - Auto,$132.44,$211.80,189,"9,980"
"Dec 08, 2025",Skillets - Exact,$123.29,$328.19,173,"6,161"
"Dec 08, 2025",Skillets - Broad,$83.43,$187.83,105,"3,762"
"Dec 08, 2025",Knives - Exact,$119.40,$339.59,142,"6,495"
"Dec 08, 2025",Knives - Broad,$47.03,$100.86,61,"2,417"
"Dec 08, 2025",Boards - Exact,$48.18,$246.90,54,"2,100"
"Dec 08, 2025",Coffee - Exact,$43.09,$213.87,70,"3,517"
"Dec 08, 2025",Coffee - Broad,$40.03,$49.83,56,"2,360"
"Dec 08, 2025",Catalog - Auto,$132.31,$252.04,162,"5,681"
"Dec 09, 2025",Skillets - Exact,$108.96,$401.26,110,"4,836"
"Dec 09, 2025",Skillets - Broad,$62.80,$159.69,60,"3,044"
"Dec 09, 2025",Knives - Exact,$70.01,$279.59,113,"5,632"
"Dec 09, 2025",Knives - Broad,$42.21,$53.66,52,"2,101"
"Dec 09, 2025",Boards - Exact,$57.46,$159.34,57,"2,962"
"Dec 09, 2025",Coffee - Exact,$57.25,$183.09,73,"2,954"
"Dec 09, 2025",Coffee - Broad,$42.61,$104.57,41,"1,770"
"Dec 09, 2025",Catalog - Auto,$130.27,$159.24,159,"8,098"
"Dec 10, 2025",Skillets - Exact,$102.31,$377.72,114,"6,065"
"Dec 10, 2025",Skillets - Broad,$74.91,$164.84,118,"4,678"
"Dec 10, 2025",Knives - Exact,$127.89,$392.23,195,"10,816"
"Dec 10, 2025",Knives - Broad,$54.33,$107.29,49,"2,205"
"Dec 10, 2025",Boards - Exact,$55.07,$163.26,56,"2,743"
"Dec 10, 2025",Coffee - Exact,$68.30,$148.71,71,"2,529"
"Dec 10, 2025",Coffee - Broad,$33.43,$66.78,49,"2,718"
"Dec 10, 2025",Catalog - Auto,$101.15,$145.74,107,"3,540"
"Dec 11, 2025",Skillets - Exact,$120.51,$340.20,176,"6,255"
"Dec 11, 2025",Skillets - Broad,$76.65,$204.17,105,"3,045"
"Dec 11, 2025",Knives - Exact,$82.07,$309.39,139,"5,302"
"Dec 11, 2025",Knives - Broad,$87.72,$113.62,112,"4,803"
"Dec 11, 2025",Boards - Exact,$37.94,$129.77,36,"2,057"
"Dec 11, 2025",Coffee - Exact,$41.81,$189.52,65,"2,459"
"Dec 11, 2025",Coffee - Broad,$35.73,$84.80,54,"3,101"
"Dec 11, 2025",Catalog - Auto,$220.20,$301.61,215,"10,862"
"Dec 12, 2025",Skillets - Exact,$93.98,$279.27,139,"4,641"
"Dec 12, 2025",Skillets - Broad,$94.08,$217.50,105,"3,673"
"Dec 12, 2025",Knives - Exact,$87.46,$339.85,136,"3,999"
"Dec 12, 2025",Knives - Broad,$67.71,$132.06,74,"3,734"
"Dec 12, 2025",Boards - Exact,$49.26,$227.89,58,"2,003"
"Dec 12, 2025",Coffee - Exact,$47.01,$148.83,66,"2,918"
"Dec 12, 2025",Coffee - Broad,$48.03,$131.73,60,"3,445"
"Dec 12, 2025",Catalog - Auto,$105.69,$190.28,117,"5,653"
"Dec 13, 2025",Skillets - Exact,$180.22,$715.20,247,"11,595"
"Dec 13, 2025",Skillets - Broad,$74.57,$162.40,73,"2,152"
"Dec 13, 2025",Knives - Exact,$105.80,$283.51,160,"9,066"
"Dec 13, 2025",Knives - Broad,$47.14,$112.64,48,"1,714"
"Dec 13, 2025",Boards - Exact,$49.21,$210.78,64,"2,295"
"Dec 13, 2025",Coffee - Exact,$45.73,$224.98,45,"1,489"
"Dec 13, 2025",Coffee - Broad,$57.92,$141.62,74,"3,395"
"Dec 13, 2025",Catalog - Auto,$216.07,$328.43,308,"14,038"
"Dec 14, 2025",Skillets - Exact,$132.93,$312.10,228,"7,614"
"Dec 14, 2025",Skillets - Broad,$89.96,$166.08,142,"8,165"
"Dec 14, 2025",Knives - Exact,$99.17,$524.39,132,"4,863"
"Dec 14, 2025",Knives - Broad,$65.92,$168.86,89,"3,781"
"Dec 14, 2025",Boards - Exact,$53.06,$123.30,78,"3,402"
"Dec 14, 2025",Coffee - Exact,$61.59,$132.44,65,"2,183"
"Dec 14, 2025",Coffee - Broad,$40.40,$103.06,69,"3,992"
"Dec 14, 2025",Catalog - Auto,$144.83,$234.17,185,"10,729"
"Dec 15, 2025",Skillets - Exact,$122.96,$462.81,127,"4,953"
"Dec 15, 2025",Skillets - Broad,$103.43,$111.18,120,"6,007"
"Dec 15, 2025",Knives - Exact,$107.84,$412.45,105,"4,833"
"Dec 15, 2025",Knives - Broad,$75.70,$159.52,85,"4,625"
"Dec 15, 2025",Boards - Exact,$42.71,$176.48,60,"2,659"
"Dec 15, 2025",Coffee - Exact,$57.12,$242.00,64,"3,335"
"Dec 15, 2025",Coffee - Broad,$42.31,$79.60,39,"1,843"
"Dec 15, 2025",Catalog - Auto,$157.41,$284.78,190,"9,106"
"Dec 16, 2025",Skillets - Exact,$128.08,$412.41,149,"6,807"
"Dec 16, 2025",Skillets - Broad,$92.80,$133.82,139,"7,969"
"Dec 16, 2025",Knives - Exact,$93.19,$355.82,144,"5,043"
"Dec 16, 2025",Knives - Broad,$54.30,$179.73,93,"2,723"
"Dec 16, 2025",Boards - Exact,$48.07,$154.77,53,"2,439"
"Dec 16, 2025",Coffee - Exact,$55.79,$252.90,76,"4,159"
"Dec 16, 2025",Coffee - Broad,$44.57,$53.57,42,"1,548"
"Dec 16, 2025",Catalog - Auto,$199.63,$183.52,246,"8,599"
"Dec 17, 2025",Skillets - Exact,$172.57,$523.82,236,"11,060"
"Dec 17, 2025",Skillets - Broad,$103.84,$171.83,94,"5,458"
"Dec 17, 2025",Knives - Exact,$110.91,$309.38,122,"6,280"
"Dec 17, 2025",Knives - Broad,$49.01,$157.82,79,"3,051"
"Dec 17, 2025",Boards - Exact,$48.34,$173.65,47,"1,386"
"Dec 17, 2025",Coffee - Exact,$67.66,$285.12,103,"2,898"
"Dec 17, 2025",Coffee - Broad,$49.25,$95.61,54,"2,177"
"Dec 17, 2025",Catalog - Auto,$177.77,$205.36,306,"17,050"
"Dec 18, 2025",Skillets - Exact,$135.80,$428.04,130,"6,022"
"Dec 18, 2025",Skillets - Broad,$109.94,$181.74,178,"8,828"
"Dec 18, 2025",Knives - Exact,$112.61,$570.43,141,"5,502"
"Dec 18, 2025",Knives - Broad,$74.21,$165.37,107,"3,585"
"Dec 18, 2025",Boards - Exact,$52.92,$148.01,82,"2,348"
"Dec 18, 2025",Coffee - Exact,$64.92,$255.33,110,"3,338"
"Dec 18, 2025",Coffee - Broad,$44.39,$69.40,41,"2,343"
"Dec 18, 2025",Catalog - Auto,$197.49,$205.57,261,"7,624"
"Dec 19, 2025",Skillets - Exact,$138.17,$584.97,227,"10,430"
"Dec 19, 2025",Skillets - Broad,$79.76,$142.52,97,"4,089"
"Dec 19, 2025",Knives - Exact,$113.50,$379.29,172,"6,114"
"Dec 19, 2025",Knives - Broad,$70.46,$138.02,91,"3,727"
"Dec 19, 2025",Boards - Exact,$58.76,$196.56,90,"2,830"
"Dec 19, 2025",Coffee - Exact,$76.84,$289.33,122,"4,561"
"Dec 19, 2025",Coffee - Broad,$58.35,$117.09,72,"3,521"
"Dec 19, 2025",Catalog - Auto,$182.72,$235.12,301,"16,344"
"Dec 20, 2025",Skillets - Exact,$189.23,$594.57,273,"14,668"
"Dec 20, 2025",Skillets - Broad,$98.20,$197.24,111,"4,610"
"Dec 20, 2025",Knives - Exact,$112.15,$409.03,123,"5,747"
"Dec 20, 2025",Knives - Broad,$83.90,$156.46,111,"3,285"
"Dec 20, 2025",Boards - Exact,$76.08,$158.99,72,"3,146"
"Dec 20, 2025",Coffee - Exact,$61.64,$211.58,61,"3,386"
"Dec 20, 2025",Coffee - Broad,$52.22,$106.36,60,"3,062"
"Dec 20, 2025",Catalog - Auto,$161.91,$211.68,150,"5,653"
"Dec 21, 2025",Skillets - Exact,$102.99,$380.31,156,"4,929"
"Dec 21, 2025",Skillets - Broad,$103.19,$166.20,143,"6,788"
"Dec 21, 2025",Knives - Exact,$99.49,$433.62,97,"4,790"
"Dec 21, 2025",Knives - Broad,$77.37,$140.84,70,"2,501"
"Dec 21, 2025",Boards - Exact,$61.78,$322.19,72,"3,429"
"Dec 21, 2025",Coffee - Exact,$63.96,$186.77,114,"5,498"
"Dec 21, 2025",Coffee - Broad,$92.74,$118.58,131,"5,451"
"Dec 21, 2025",Catalog - Auto,$193.31,$279.11,261,"10,616"
"Dec 22, 2025",Skillets - Exact,$168.29,$560.74,217,"8,355"
"Dec 22, 2025",Skillets - Broad,$120.47,$226.77,117,"3,430"
"Dec 22, 2025",Knives - Exact,$118.67,$408.87,134,"7,702"
"Dec 22, 2025",Knives - Broad,$64.66,$96.37,66,"3,416"
"Dec 22, 2025",Boards - Exact,$54.34,$171.33,72,"3,803"
"Dec 22, 2025",Coffee - Exact,$83.87,$226.84,83,"3,060"
"Dec 22, 2025",Coffee - Broad,$48.42,$84.56,47,"2,192"
"Dec 22, 2025",Catalog - Auto,$219.38,$361.20,231,"12,003"
"Dec 23, 2025",Skillets - Exact,$167.34,$649.40,159,"8,284"
"Dec 23, 2025",Skillets - Broad,$98.39,$213.48,93,"5,367"
"Dec 23, 2025",Knives - Exact,$94.27,$297.67,125,"6,776"
"Dec 23, 2025",Knives - Broad,$77.94,$128.13,124,"7,044"
"Dec 23, 2025",Boards - Exact,$63.93,$249.07,81,"4,300"
"Dec 23, 2025",Coffee - Exact,$86.48,$329.04,137,"8,207"
"Dec 23, 2025",Coffee - Broad,$53.66,$135.02,59,"2,939"
"Dec 23, 2025",Catalog - Auto,$196.54,$376.69,293,"15,977"
"Dec 24, 2025",Skillets - Exact,$182.07,$415.60,185,"6,299"
"Dec 24, 2025",Skillets - Broad,$80.19,$182.83,134,"4,570"
"Dec 24, 2025",Knives - Exact,$139.05,$479.65,161,"6,505"
"Dec 24, 2025",Knives - Broad,$62.88,$87.65,79,"3,253"
"Dec 24, 2025",Boards - Exact,$78.40,$299.26,84,"2,462"
"Dec 24, 2025",Coffee - Exact,$67.12,$148.54,88,"2,877"
"Dec 24, 2025",Coffee - Broad,$52.38,$162.88,70,"2,326"
"Dec 24, 2025",Catalog - Auto,$169.50,$306.65,243,"12,828"
"Dec 25, 2025",Skillets - Exact,$134.86,$384.32,141,"6,062"
"Dec 25, 2025",Skillets - Broad,$115.57,$178.59,183,"7,194"
"Dec 25, 2025",Knives - Exact,$130.98,$567.17,133,"3,750"
"Dec 25, 2025",Knives - Broad,$93.25,$189.77,86,"4,657"
"Dec 25, 2025",Boards - Exact,$80.96,$310.93,108,"4,555"
"Dec 25, 2025",Coffee - Exact,$78.33,$229.14,82,"2,537"
"Dec 25, 2025",Coffee - Broad,$48.05,$79.64,44,"1,451"
"Dec 25, 2025",Catalog - Auto,$204.08,$356.70,204,"10,535"
"Dec 26, 2025",Skillets - Exact,$113.93,$433.15,113,"4,437"
"Dec 26, 2025",Skillets - Broad,$95.06,$160.21,171,"7,931"
"Dec 26, 2025",Knives - Exact,$186.72,$428.27,175,"7,870"
"Dec 26, 2025",Knives - Broad,$90.24,$186.02,137,"4,115"
"Dec 26, 2025",Boards - Exact,$83.39,$192.96,137,"7,080"
"Dec 26, 2025",Coffee - Exact,$81.65,$322.91,82,"2,667"
"Dec 26, 2025",Coffee - Broad,$59.14,$72.94,65,"1,951"
"Dec 26, 2025",Catalog - Auto,$167.11,$341.22,180,"5,779"
"Dec 27, 2025",Skillets - Exact,$146.67,$511.36,169,"10,134"
"Dec 27, 2025",Skillets - Broad,$103.85,$203.40,139,"5,521"
"Dec 27, 2025",Knives - Exact,$129.25,$371.06,124,"4,040"
"Dec 27, 2025",Knives - Broad,$86.83,$254.02,120,"5,907"
"Dec 27, 2025",Boards - Exact,$98.56,$239.45,96,"3,458"
"Dec 27, 2025",Coffee - Exact,$107.01,$351.16,190,"6,870"
"Dec 27, 2025",Coffee - Broad,$52.05,$106.82,85,"4,083"
"Dec 27, 2025",Catalog - Auto,$196.71,$260.60,200,"9,386"
"Dec 28, 2025",Skillets - Exact,$144.58,$409.91,179,"6,886"
"Dec 28, 2025",Skillets - Broad,$132.86,$180.11,205,"7,004"
"Dec 28, 2025",Knives - Exact,$124.97,$568.43,157,"5,650"
"Dec 28, 2025",Knives - Broad,$75.81,$127.46,107,"6,130"
"Dec 28, 2025",Boards - Exact,$74.77,$294.93,101,"5,548"
"Dec 28, 2025",Coffee - Exact,$73.71,$277.55,72,"3,749"
"Dec 28, 2025",Coffee - Broad,$61.02,$149.51,81,"2,271"
"Dec 28, 2025",Catalog - Auto,$172.00,$283.19,195,"9,203"
"Dec 29, 2025",Skillets - Exact,$148.30,$591.57,136,"6,514"
"Dec 29, 2025",Skillets - Broad,$120.89,$276.25,170,"5,110"
"Dec 29, 2025",Knives - Exact,$155.64,$351.47,170,"9,542"
"Dec 29, 2025",Knives - Broad,$96.91,$155.15,105,"3,442"
"Dec 29, 2025",Boards - Exact,$82.97,$401.75,136,"4,568"
"Dec 29, 2025",Coffee - Exact,$64.22,$271.45,70,"2,310"
"Dec 29, 2025",Coffee - Broad,$52.68,$104.08,83,"2,374"
"Dec 29, 2025",Catalog - Auto,$209.23,$213.54,286,"9,181"
"Dec 30, 2025",Skillets - Exact,$201.11,$498.66,197,"10,257"
"Dec 30, 2025",Skillets - Broad,$136.60,$250.03,187,"9,526"
"Dec 30, 2025",Knives - Exact,$180.08,$399.38,208,"7,785"
"Dec 30, 2025",Knives - Broad,$60.95,$176.83,77,"4,105"
"Dec 30, 2025",Boards - Exact,$76.47,$222.87,88,"4,248"
"Dec 30, 2025",Coffee - Exact,$65.47,$244.33,75,"3,240"
"Dec 30, 2025",Coffee - Broad,$62.57,$144.33,59,"3,371"
"Dec 30, 2025",Catalog - Auto,$227.89,$277.10,391,"18,430"
"Dec 31, 2025",Skillets - Exact,$138.76,$532.37,240,"12,180"
"Dec 31, 2025",Skillets - Broad,$121.66,$199.77,135,"4,760"
"Dec 31, 2025",Knives - Exact,$151.27,$535.62,171,"5,164"
"Dec 31, 2025",Knives - Broad,$71.05,$125.33,78,"3,718"
"Dec 31, 2025",Boards - Exact,$66.41,$187.68,69,"3,629"
"Dec 31, 2025",Coffee - Exact,$69.80,$260.11,89,"3,004"
"Dec 31, 2025",Coffee - Broad,$53.38,$65.40,87,"4,298"
"Dec 31, 2025",Catalog - Auto,$211.38,$233.87,366,"16,838"
"Jan 01, 2026",Skillets - Exact,$100.99,$417.47,102,"4,082"
"Jan 01, 2026",Skillets - Broad,$49.20,$111.80,62,"2,099"
"Jan 01, 2026",Knives - Exact,$79.84,$413.94,91,"3,597"
"Jan 01, 2026",Knives - Broad,$57.73,$148.70,54,"2,893"
"Jan 01, 2026",Boards - Exact,$40.33,$113.88,51,"1,453"
"Jan 01, 2026",Coffee - Exact,$44.95,$172.47,67,"3,368"
"Jan 01, 2026",Coffee - Broad,$34.85,$84.98,38,"2,076"
"Jan 01, 2026",Catalog - Auto,$106.93,$116.05,142,"6,471"
"Jan 02, 2026",Skillets - Exact,$99.47,$408.63,155,"7,207"
"Jan 02, 2026",Skillets - Broad,$63.65,$217.06,61,"2,436"
"Jan 02, 2026",Knives - Exact,$83.02,$248.44,106,"3,020"
"Jan 02, 2026",Knives - Broad,$56.06,$110.35,57,"3,223"
"Jan 02, 2026",Boards - Exact,$43.04,$180.24,51,"2,824"
"Jan 02, 2026",Coffee - Exact,$62.23,$367.88,59,"3,265"
"Jan 02, 2026",Coffee - Broad,$30.31,$84.04,50,"1,501"
"Jan 02, 2026",Catalog - Auto,$121.82,$213.62,156,"8,880"
"Jan 03, 2026",Skillets - Exact,$72.53,$354.96,81,"4,270"
"Jan 03, 2026",Skillets - Broad,$68.55,$141.78,73,"2,287"
"Jan 03, 2026",Knives - Exact,$82.89,$344.91,75,"2,336"
"Jan 03, 2026",Knives - Broad,$45.40,$115.23,77,"2,325"
"Jan 03, 2026",Boards - Exact,$39.39,$123.02,38,"1,855"
"Jan 03, 2026",Coffee - Exact,$54.39,$213.38,76,"2,798"
"Jan 03, 2026",Coffee - Broad,$33.33,$68.07,31,"1,023"
"Jan 03, 2026",Catalog - Auto,$167.10,$334.38,182,"10,419"
"Jan 04, 2026",Skillets - Exact,$93.39,$274.41,103,"5,480"
"Jan 04, 2026",Skillets - Broad,$65.56,$169.76,111,"3,759"
"Jan 04, 2026",Knives - Exact,$67.49,$375.08,62,"1,809"
"Jan 04, 2026",Knives - Broad,$48.56,$113.44,50,"1,537"
"Jan 04, 2026",Boards - Exact,$63.48,$214.50,77,"2,747"
"Jan 04, 2026",Coffee - Exact,$41.59,$217.14,39,"2,021"
"Jan 04, 2026",Coffee - Broad,$40.56,$60.89,52,"2,052"
"Jan 04, 2026",Catalog - Auto,$84.97,$228.60,88,"4,721"
"Jan 05, 2026",Skillets - Exact,$93.32,$215.85,111,"3,902"
"Jan 05, 2026",Skillets - Broad,$66.16,$175.11,77,"3,940"
"Jan 05, 2026",Knives - Exact,$85.15,$462.65,77,"3,302"
"Jan 05, 2026",Knives - Broad,$37.12,$81.55,38,"2,133"
"Jan 05, 2026",Boards - Exact,$42.53,$117.16,52,"2,820"
"Jan 05, 2026",Coffee - Exact,$40.50,$156.93,66,"3,478"
"Jan 05, 2026",Coffee - Broad,$33.57,$83.07,32,"1,571"
"Jan 05, 2026",Catalog - Auto,$114.30,$209.46,129,"6,750"
"Jan 06, 2026",Skillets - Exact,$97.27,$356.50,102,"5,158"
"Jan 06, 2026",Skillets - Broad,$55.12,$149.67,57,"2,533"
"Jan 06, 2026",Knives - Exact,$69.65,$248.57,73,"3,267"
"Jan 06, 2026",Knives - Broad,$49.97,$142.38,75,"2,942"
"Jan 06, 2026",Boards - Exact,$36.37,$120.15,35,"1,787"
"Jan 06, 2026",Coffee - Exact,$57.89,$275.04,90,"4,498"
"Jan 06, 2026",Coffee - Broad,$45.65,$89.64,46,"2,276"
"Jan 06, 2026",Catalog - Auto,$132.66,$350.08,145,"6,610"
"Jan 07, 2026",Skillets - Exact,$80.71,$220.36,97,"4,185"
"Jan 07, 2026",Skillets - Broad,$66.54,$155.21,90,"3,300"
"Jan 07, 2026",Knives - Exact,$86.97,$350.70,83,"4,824"
"Jan 07, 2026",Knives - Broad,$54.95,$62.90,55,"3,291"
"Jan 07, 2026",Boards - Exact,$29.12,$120.33,42,"1,234"
"Jan 07, 2026",Coffee - Exact,$51.93,$211.00,62,"2,836"
"Jan 07, 2026",Coffee - Broad,$32.42,$157.67,57,"2,774"
"Jan 07, 2026",Catalog - Auto,$84.95,$145.18,115,"6,261"
"Jan 08, 2026",Skillets - Exact,$59.82,$276.73,91,"4,403"
"Jan 08, 2026",Skillets - Broad,$55.06,$91.28,86,"2,864"
"Jan 08, 2026",Knives - Exact,$51.49,$295.82,79,"4,013"
"Jan 08, 2026",Knives - Broad,$51.12,$138.32,75,"3,984"
"Jan 08, 2026",Boards - Exact,$26.96,$86.95,47,"1,708"
"Jan 08, 2026",Coffee - Exact,$45.24,$187.52,75,"4,420"
"Jan 08, 2026",Coffee - Broad,$27.04,$73.78,26,751
"Jan 08, 2026",Catalog - Auto,$119.89,$95.70,118,"5,302"
"Jan 09, 2026",Skillets - Exact,$77.45,$492.76,137,"4,443"
"Jan 09, 2026",Skillets - Broad,$52.36,$191.55,50,"2,417"
"Jan 09, 2026",Knives - Exact,$86.12,$360.62,138,"8,109"
"Jan 09, 2026",Knives - Broad,$71.03,$157.51,101,"3,682"
"Jan 09, 2026",Boards - Exact,$46.27,$148.22,47,"2,623"
"Jan 09, 2026",Coffee - Exact,$33.32,$128.87,60,"3,114"
"Jan 09, 2026",Coffee - Broad,$34.06,$66.08,52,"2,819"
"Jan 09, 2026",Catalog - Auto,$135.43,$219.85,235,"14,043"
"Jan 10, 2026",Skillets - Exact,$70.35,$331.17,102,"3,729"
"Jan 10, 2026",Skillets - Broad,$57.88,$119.48,75,"3,673"
"Jan 10, 2026",Knives - Exact,$52.65,$272.64,60,"1,964"
"Jan 10, 2026",Knives - Broad,$41.01,$84.56,58,"1,730"
"Jan 10, 2026",Boards - Exact,$29.73,$194.90,32,"1,251"
"Jan 10, 2026",Coffee - Exact,$47.17,$212.27,82,"3,425"
"Jan 10, 2026",Coffee - Broad,$28.75,$80.07,48,"2,370"
"Jan 10, 2026",Catalog - Auto,$84.93,$168.95,133,"5,842"
"Jan 11, 2026",Skillets - Exact,$89.81,$437.12,131,"6,908"
"Jan 11, 2026",Skillets - Broad,$49.33,$100.54,49,"1,977"
"Jan 11, 2026",Knives - Exact,$56.97,$236.14,51,"3,009"
"Jan 11, 2026",Knives - Broad,$37.23,$97.66,50,"1,656"
"Jan 11, 2026",Boards - Exact,$33.04,$136.90,39,"2,125"
"Jan 11, 2026",Coffee - Exact,$44.73,$214.22,59,"1,733"
"Jan 11, 2026",Coffee - Broad,$29.21,$91.68,35,"1,101"
"Jan 11, 2026",Catalog - Auto,$80.91,$131.93,77,"3,565"
"Jan 12, 2026",Skillets - Exact,$79.47,$420.79,79,"4,389"
"Jan 12, 2026",Skillets - Broad,$65.72,$122.04,106,"4,899"
"Jan 12, 2026",Knives - Exact,$69.99,$243.93,84,"4,114"
"Jan 12, 2026",Knives - Broad,$52.83,$135.30,51,"2,668"
"Jan 12, 2026",Boards - Exact,$52.54,$190.26,58,"1,848"
"Jan 12, 2026",Coffee - Exact,$46.60,$159.22,46,"2,383"
"Jan 12, 2026",Coffee - Broad,$35.25,$105.84,33,"1,064"
"Jan 12, 2026",Catalog - Auto,$101.23,$216.68,98,"3,220"
"Jan 13, 2026",Skillets - Exact,$110.70,$490.23,171,"6,805"
"Jan 13, 2026",Skillets - Broad,$69.93,$247.32,63,"3,531"
"Jan 13, 2026",Knives - Exact,$60.02,$287.70,89,"3,705"
"Jan 13, 2026",Knives - Broad,$43.93,$110.28,44,"2,635"
"Jan 13, 2026",Boards - Exact,$29.77,$124.14,38,"1,181"
"Jan 13, 2026",Coffee - Exact,$35.54,$152.07,45,"2,045"
"Jan 13, 2026",Coffee - Broad,$35.59,$118.65,62,"1,812"
"Jan 13, 2026",Catalog - Auto,$96.80,$199.27,97,"5,469"
"Jan 14, 2026",Skillets - Exact,$77.30,$355.76,121,"4,942"
"Jan 14, 2026",Skillets - Broad,$67.99,$284.26,83,"2,925"
"Jan 14, 2026",Knives - Exact,$51.05,$224.12,48,"1,421"
"Jan 14, 2026",Knives - Broad,$40.58,$116.62,40,"1,790"
"Jan 14, 2026",Boards - Exact,$31.85,$94.67,54,"2,991"
"Jan 14, 2026",Coffee - Exact,$41.38,$174.36,47,"1,441"
"Jan 14, 2026",Coffee - Broad,$20.71,$68.65,25,893
"Jan 14, 2026",Catalog - Auto,$69.66,$174.17,118,"3,744"
"Jan 15, 2026",Skillets - Exact,$130.54,$270.32,120,"4,798"
"Jan 15, 2026",Skillets - Broad,$43.49,$130.37,48,"1,558"
"Jan 15, 2026",Knives - Exact,$50.02,$268.79,49,"2,682"
"Jan 15, 2026",Knives - Broad,$35.52,$70.20,32,"1,028"
"Jan 15, 2026",Boards - Exact,$43.79,$213.80,73,"2,938"
"Jan 15, 2026",Coffee - Exact,$35.82,$211.32,46,"2,411"
"Jan 15, 2026",Coffee - Broad,$25.35,$66.52,24,672
"Jan 15, 2026",Catalog - Auto,$87.53,$147.22,94,"3,660"
"Jan 16, 2026",Skillets - Exact,$62.22,$391.47,90,"2,536"
"Jan 16, 2026",Skillets - Broad,$53.60,$78.32,75,"3,639"
"Jan 16, 2026",Knives - Exact,$52.53,$242.83,71,"2,549"
"Jan 16, 2026",Knives - Broad,$43.87,$114.93,67,"2,830"
"Jan 16, 2026",Boards - Exact,$23.17,$115.70,38,"1,842"
"Jan 16, 2026",Coffee - Exact,$26.55,$131.84,27,"1,038"
"Jan 16, 2026",Coffee - Broad,$28.49,$37.49,28,"1,430"
"Jan 16, 2026",Catalog - Auto,$70.72,$140.11,90,"2,799"
"Jan 17, 2026",Skillets - Exact,$78.62,$385.00,142,"8,209"
"Jan 17, 2026",Skillets - Broad,$38.50,$137.92,52,"2,405"
"Jan 17, 2026",Knives - Exact,$54.07,$232.63,61,"2,606"
"Jan 17, 2026",Knives - Broad,$28.58,$95.59,26,"1,081"
"Jan 17, 2026",Boards - Exact,$29.83,$111.81,38,"2,269"
"Jan 17, 2026",Coffee - Exact,$35.25,$213.59,46,"1,922"
"Jan 17, 2026",Coffee - Broad,$23.53,$55.83,23,"1,130"
"Jan 17, 2026",Catalog - Auto,$76.81,$181.59,81,"2,949"
"Jan 18, 2026",Skillets - Exact,$52.92,$189.45,52,"1,682"
"Jan 18, 2026",Skillets - Broad,$52.34,$118.39,91,"3,758"
"Jan 18, 2026",Knives - Exact,$47.53,$200.80,59,"3,521"
"Jan 18, 2026",Knives - Broad,$34.57,$108.30,54,"2,682"
"Jan 18, 2026",Boards - Exact,$27.40,$155.70,48,"2,644"
"Jan 18, 2026",Coffee - Exact,$33.16,$160.70,48,"1,583"
"Jan 18, 2026",Coffee - Broad,$27.15,$82.21,41,"1,721"
"Jan 18, 2026",Catalog - Auto,$71.14,$109.34,82,"2,679"
"Jan 19, 2026",Skillets - Exact,$66.66,$166.11,81,"3,076"
"Jan 19, 2026",Skillets - Broad,$63.04,$108.63,60,"2,621"
"Jan 19, 2026",Knives - Exact,$56.42,$191.44,75,"2,280"
"Jan 19, 2026",Knives - Broad,$39.44,$119.27,39,"1,798"
"Jan 19, 2026",Boards - Exact,$28.98,$95.27,50,"2,667"
"Jan 19, 2026",Coffee - Exact,$34.17,$183.49,32,"1,883"
"Jan 19, 2026",Coffee - Broad,$28.21,$71.17,27,933
"Jan 19, 2026",Catalog - Auto,$76.21,$224.43,72,"4,135"
"Jan 20, 2026",Skillets - Exact,$61.23,$477.43,75,"2,689"
"Jan 20, 2026",Skillets - Broad,$40.51,$108.36,69,"3,487"
"Jan 20, 2026",Knives - Exact,$55.87,$333.71,94,"5,042"
"Jan 20, 2026",Knives - Broad,$30.70,$79.32,38,"1,333"
"Jan 20, 2026",Boards - Exact,$32.25,$127.56,56,"2,871"
"Jan 20, 2026",Coffee - Exact,$35.34,$166.88,36,"1,076"
"Jan 20, 2026",Coffee - Broad,$22.17,$59.98,29,892
"Jan 20, 2026",Catalog - Auto,$63.18,$160.13,76,"4,484"
"Jan 21, 2026",Skillets - Exact,$43.18,$217.84,45,"2,597"
"Jan 21, 2026",Skillets - Broad,$44.42,$185.18,71,"3,797"
"Jan 21, 2026",Knives - Exact,$46.60,$193.47,66,"3,886"
"Jan 21, 2026",Knives - Broad,$41.33,$91.18,43,"1,326"
"Jan 21, 2026",Boards - Exact,$25.68,$173.01,34,"1,724"
"Jan 21, 2026",Coffee - Exact,$28.20,$103.72,26,855
"Jan 21, 2026",Coffee - Broad,$20.10,$59.18,23,"1,164"
"Jan 21, 2026",Catalog - Auto,$88.94,$195.08,131,"5,255"
"Jan 22, 2026",Skillets - Exact,$89.76,$473.08,102,"3,458"
"Jan 22, 2026",Skillets - Broad,$32.95,$145.61,42,"1,512"
"Jan 22, 2026",Knives - Exact,$52.76,$197.62,63,"2,710"
"Jan 22, 2026",Knives - Broad,$26.48,$80.31,33,"1,280"
"Jan 22, 2026",Boards - Exact,$24.42,$142.08,23,"1,311"
"Jan 22, 2026",Coffee - Exact,$29.86,$196.75,42,"2,033"
"Jan 22, 2026",Coffee - Broad,$25.81,$50.80,31,"1,551"
"Jan 22, 2026",Catalog - Auto,$76.05,$138.20,78,"3,265"
"Jan 23, 2026",Skillets - Exact,$67.14,$250.32,80,"3,448"
"Jan 23, 2026",Skillets - Broad,$34.69,$106.52,41,"1,317"
"Jan 23, 2026",Knives - Exact,$36.44,$253.73,46,"1,591"
"Jan 23, 2026",Knives - Broad,$28.35,$72.43,26,"1,314"
"Jan 23, 2026",Boards - Exact,$26.75,$142.33,37,"2,073"
"Jan 23, 2026",Coffee - Exact,$25.80,$150.36,27,"1,509"
"Jan 23, 2026",Coffee - Broad,$20.59,$59.39,31,"1,738"
"Jan 23, 2026",Catalog - Auto,$73.87,$149.05,67,"2,308"
"Jan 24, 2026",Skillets - Exact,$58.71,$272.20,80,"2,581"
"Jan 24, 2026",Skillets - Broad,$55.14,$132.86,55,"1,814"
"Jan 24, 2026",Knives - Exact,$38.12,$152.27,59,"2,044"
"Jan 24, 2026",Knives - Broad,$31.15,$79.20,47,"2,405"
"Jan 24, 2026",Boards - Exact,$31.92,$111.34,35,"1,217"
"Jan 24, 2026",Coffee - Exact,$30.00,$127.59,38,"2,215"
"Jan 24, 2026",Coffee - Broad,$19.44,$59.87,24,828
"Jan 24, 2026",Catalog - Auto,$77.21,$120.68,104,"4,669"
"Jan 25, 2026",Skillets - Exact,$64.94,$269.32,109,"3,131"
"Jan 25, 2026",Skillets - Broad,$32.14,$108.14,39,"1,262"
"Jan 25, 2026",Knives - Exact,$46.22,$234.00,75,"4,300"
"Jan 25, 2026",Knives - Broad,$54.34,$121.10,65,"2,474"
"Jan 25, 2026",Boards - Exact,$33.97,$173.02,41,"2,343"
"Jan 25, 2026",Coffee - Exact,$45.28,$200.31,67,"2,204"
"Jan 25, 2026",Coffee - Broad,$16.97,$68.79,18,942
"Jan 25, 2026",Catalog - Auto,$65.50,$123.48,79,"2,904"
"Jan 26, 2026",Skillets - Exact,$53.68,$199.69,66,"3,377"
"Jan 26, 2026",Skillets - Broad,$40.16,$140.17,59,"3,047"
"Jan 26, 2026",Knives - Exact,$41.96,$192.67,49,"2,713"
"Jan 26, 2026",Knives - Broad,$45.18,$75.30,58,"2,751"
"Jan 26, 2026",Boards - Exact,$19.39,$111.73,31,913
"Jan 26, 2026",Coffee - Exact,$29.95,$152.58,43,"1,682"
"Jan 26, 2026",Coffee - Broad,$21.06,$53.32,20,"1,030"
"Jan 26, 2026",Catalog - Auto,$59.48,$124.09,86,"4,222"
"Jan 27, 2026",Skillets - Exact,$62.45,$496.07,90,"4,435"
"Jan 27, 2026",Skillets - Broad,$47.27,$131.75,46,"1,306"
"Jan 27, 2026",Knives - Exact,$45.67,$144.52,60,"2,806"
"Jan 27, 2026",Knives - Broad,$33.17,$67.89,38,"2,131"
"Jan 27, 2026",Boards - Exact,$24.09,$93.71,22,649
"Jan 27, 2026",Coffee - Exact,$23.78,$152.20,24,786
"Jan 27, 2026",Coffee - Broad,$23.91,$64.98,37,"1,592"
"Jan 27, 2026",Catalog - Auto,$110.55,$169.59,166,"6,263"
"Jan 28, 2026",Skillets - Exact,$68.96,$352.69,120,"4,203"
"Jan 28, 2026",Skillets - Broad,$47.99,$189.39,85,"3,775"
"Jan 28, 2026",Knives - Exact,$43.66,$192.80,39,"1,971"
"Jan 28, 2026",Knives - Broad,$26.26,$112.97,40,"1,277"
"Jan 28, 2026",Boards - Exact,$23.31,$113.67,24,"1,357"
"Jan 28, 2026",Coffee - Exact,$20.73,$125.10,24,871
"Jan 28, 2026",Coffee - Broad,$19.94,$47.60,23,"1,175"
"Jan 28, 2026",Catalog - Auto,$83.87,$256.22,122,"6,695"
"Jan 29, 2026",Skillets - Exact,$54.60,$284.85,71,"3,928"
"Jan 29, 2026",Skillets - Broad,$42.74,$117.16,63,"2,676"
"Jan 29, 2026",Knives - Exact,$59.69,$191.14,55,"2,311"
"Jan 29, 2026",Knives - Broad,$38.13,$80.91,46,"2,196"
"Jan 29, 2026",Boards - Exact,$24.67,$137.67,29,"1,411"
"Jan 29, 2026",Coffee - Exact,$23.47,$100.77,26,"1,097"
"Jan 29, 2026",Coffee - Broad,$21.86,$49.21,20,"1,085"
"Jan 29, 2026",Catalog - Auto,$64.26,$185.64,99,"4,290"
"Jan 30, 2026",Skillets - Exact,$59.83,$272.63,55,"3,060"
"Jan 30, 2026",Skillets - Broad,$41.88,$114.70,44,"1,844"
"Jan 30, 2026",Knives - Exact,$39.92,$258.71,57,"1,766"
"Jan 30, 2026",Knives - Broad,$32.91,$87.18,53,"1,945"
"Jan 30, 2026",Boards - Exact,$26.78,$146.87,44,"2,451"
"Jan 30, 2026",Coffee - Exact,$37.59,$177.93,67,"3,409"
"Jan 30, 2026",Coffee - Broad,$21.48,$61.13,35,"2,084"
"Jan 30, 2026",Catalog - Auto,$77.96,$140.40,76,"2,724"
"Jan 31, 2026",Skillets - Exact,$65.44,$270.63,93,"2,613"
"Jan 31, 2026",Skillets - Broad,$36.37,$109.31,34,"1,650"
"Jan 31, 2026",Knives - Exact,$58.52,$331.31,62,"3,080"
"Jan 31, 2026",Knives - Broad,$36.96,$99.66,42,"2,241"
"Jan 31, 2026",Boards - Exact,$26.91,$213.80,28,"1,495"
"Jan 31, 2026",Coffee - Exact,$30.93,$142.96,30,"1,038"
"Jan 31, 2026",Coffee - Broad,$18.95,$55.57,31,939
"Jan 31, 2026",Catalog - Auto,$75.84,$145.46,105,"5,160"
"Feb 01, 2026",Skillets - Exact,$83.92,$392.08,100,"4,467"
"Feb 01, 2026",Skillets - Broad,$40.59,$96.05,37,"1,969"
"Feb 01, 2026",Knives - Exact,$45.89,$168.68,44,"1,423"
"Feb 01, 2026",Knives - Broad,$22.51,$71.39,23,"1,237"
"Feb 01, 2026",Boards - Exact,$38.97,$200.19,38,"1,511"
"Feb 01, 2026",Coffee - Exact,$33.73,$150.85,42,"2,094"
"Feb 01, 2026",Coffee - Broad,$22.50,$54.17,21,612
"Feb 01, 2026",Catalog - Auto,$69.75,$158.58,67,"3,149"
"Feb 02, 2026",Skillets - Exact,$48.38,$187.15,65,"3,780"
"Feb 02, 2026",Skillets - Broad,$43.36,$149.77,53,"2,249"
"Feb 02, 2026",Knives - Exact,$56.42,$255.46,56,"2,386"
"Feb 02, 2026",Knives - Broad,$35.10,$125.49,56,"2,861"
"Feb 02, 2026",Boards - Exact,$25.23,$149.60,28,"1,661"
"Feb 02, 2026",Coffee - Exact,$38.77,$122.60,47,"1,567"
"Feb 02, 2026",Coffee - Broad,$21.30,$42.85,33,"1,087"
"Feb 02, 2026",Catalog - Auto,$97.49,$162.00,108,"5,190"
"Feb 03, 2026",Skillets - Exact,$87.25,$186.12,86,"4,129"
"Feb 03, 2026",Skillets - Broad,$35.11,$98.21,46,"1,904"
"Feb 03, 2026",Knives - Exact,$52.40,$267.52,68,"1,979"
"Feb 03, 2026",Knives - Broad,$32.61,$90.49,37,"1,991"
"Feb 03, 2026",Boards - Exact,$25.17,$153.01,25,779
"Feb 03, 2026",Coffee - Exact,$25.67,$113.23,29,"1,547"
"Feb 03, 2026",Coffee - Broad,$28.93,$101.26,38,"1,138"
"Feb 03, 2026",Catalog - Auto,$81.46,$181.34,134,"6,371"
"Feb 04, 2026",Skillets - Exact,$72.15,$201.00,77,"2,197"
"Feb 04, 2026",Skillets - Broad,$47.21,$121.05,44,"1,849"
"Feb 04, 2026",Knives - Exact,$55.94,$210.44,53,"2,186"
"Feb 04, 2026",Knives - Broad,$46.96,$135.11,53,"3,027"
"Feb 04, 2026",Boards - Exact,$25.48,$110.93,28,"1,530"
"Feb 04, 2026",Coffee - Exact,$39.68,$195.48,51,"1,997"
"Feb 04, 2026",Coffee - Broad,$24.67,$77.47,22,980
"Feb 04, 2026",Catalog - Auto,$83.85,$186.18,98,"3,857"
"Feb 05, 2026",Skillets - Exact,$55.87,$259.85,73,"3,485"
"Feb 05, 2026",Skillets - Broad,$49.98,$131.73,60,"2,550"
"Feb 05, 2026",Knives - Exact,$49.10,$216.98,48,"1,920"
"Feb 05, 2026",Knives - Broad,$54.65,$136.11,62,"2,989"
"Feb 05, 2026",Boards - Exact,$31.54,$126.18,48,"2,198"
"Feb 05, 2026",Coffee - Exact,$34.51,$136.41,37,"1,620"
"Feb 05, 2026",Coffee - Broad,$24.69,$63.58,25,"1,121"
"Feb 05, 2026",Catalog - Auto,$99.61,$210.74,101,"3,371"
"Feb 06, 2026",Skillets - Exact,$63.03,$225.58,103,"4,538"
"Feb 06, 2026",Skillets - Broad,$40.18,$115.42,61,"1,949"
"Feb 06, 2026",Knives - Exact,$65.07,$240.08,61,"2,664"
"Feb 06, 2026",Knives - Broad,$39.30,$137.72,45,"1,282"
"Feb 06, 2026",Boards - Exact,$35.89,$97.00,37,"1,621"
"Feb 06, 2026",Coffee - Exact,$20.51,$104.64,18,735
"Feb 06, 2026",Coffee - Broad,$23.22,$76.15,25,"1,487"
"Feb 06, 2026",Catalog - Auto,$86.80,$185.71,79,"4,039"
"Feb 07, 2026",Skillets - Exact,$102.82,$333.74,173,"6,071"
"Feb 07, 2026",Skillets - Broad,$44.33,$135.51,41,"2,454"
"Feb 07, 2026",Knives - Exact,$43.96,$154.10,56,"1,818"
"Feb 07, 2026",Knives - Broad,$27.49,$97.64,37,"1,291"
"Feb 07, 2026",Boards - Exact,$42.26,$151.36,40,"1,229"
"Feb 07, 2026",Coffee - Exact,$38.43,$141.42,51,"2,273"
"Feb 07, 2026",Coffee - Broad,$23.69,$60.04,27,"1,344"
"Feb 07, 2026",Catalog - Auto,$125.90,$156.02,169,"5,957"
"Feb 08, 2026",Skillets - Exact,$73.90,$281.22,101,"5,019"
"Feb 08, 2026",Skillets - Broad,$64.20,$196.36,70,"2,851"
"Feb 08, 2026",Knives - Exact,$51.65,$185.66,47,"1,956"
"Feb 08, 2026",Knives - Broad,$40.34,$67.91,45,"2,156"
"Feb 08, 2026",Boards - Exact,$38.35,$132.33,57,"1,878"
"Feb 08, 2026",Coffee - Exact,$23.29,$147.69,41,"1,938"
"Feb 08, 2026",Coffee - Broad,$19.43,$69.79,23,"1,156"
"Feb 08, 2026",Catalog - Auto,$74.09,$171.37,74,"3,837"
"Feb 09, 2026",Skillets - Exact,$91.18,$313.11,120,"6,229"
"Feb 09, 2026",Skillets - Broad,$65.73,$129.22,68,"3,535"
"Feb 09, 2026",Knives - Exact,$59.80,$283.86,65,"2,403"
"Feb 09, 2026",Knives - Broad,$44.69,$109.83,45,"1,865"
"Feb 09, 2026",Boards - Exact,$31.41,$111.58,48,"1,744"
"Feb 09, 2026",Coffee - Exact,$39.72,$145.74,36,"1,286"
"Feb 09, 2026",Coffee - Broad,$36.03,$101.59,38,"1,847"
"Feb 09, 2026",Catalog - Auto,$125.10,$192.42,145,"4,375"
"Feb 10, 2026",Skillets - Exact,$77.53,$476.13,94,"4,282"
"Feb 10, 2026",Skillets - Broad,$75.27,$167.87,77,"3,939"
"Feb 10, 2026",Knives - Exact,$76.42,$248.54,73,"3,435"
"Feb 10, 2026",Knives - Broad,$53.99,$159.76,60,"3,056"
"Feb 10, 2026",Boards - Exact,$43.70,$150.60,51,"2,023"
"Feb 10, 2026",Coffee - Exact,$33.29,$104.82,51,"2,369"
"Feb 10, 2026",Coffee - Broad,$26.21,$74.26,30,"1,356"
"Feb 10, 2026",Catalog - Auto,$91.64,$261.69,106,"5,592"
"Feb 11, 2026",Skillets - Exact,$60.60,$386.97,56,"2,574"
"Feb 11, 2026",Skillets - Broad,$52.09,$151.87,79,"4,199"
"Feb 11, 2026",Knives - Exact,$78.64,$253.61,72,"2,648"
"Feb 11, 2026",Knives - Broad,$44.63,$99.48,49,"2,309"
"Feb 11, 2026",Boards - Exact,$35.60,$145.15,61,"1,958"
"Feb 11, 2026",Coffee - Exact,$39.36,$139.83,47,"2,515"
"Feb 11, 2026",Coffee - Broad,$43.95,$119.42,57,"3,172"
"Feb 11, 2026",Catalog - Auto,$72.15,$84.24,68,"3,207"
"Feb 12, 2026",Skillets - Exact,$78.99,$341.54,98,"5,289"
"Feb 12, 2026",Skillets - Broad,$58.73,$143.45,69,"2,095"
"Feb 12, 2026",Knives - Exact,$85.04,$307.50,89,"3,185"
"Feb 12, 2026",Knives - Broad,$49.16,$115.39,87,"2,511"
"Feb 12, 2026",Boards - Exact,$33.11,$76.51,30,"1,164"
"Feb 12, 2026",Coffee - Exact,$49.19,$278.53,71,"3,379"
"Feb 12, 2026",Coffee - Broad,$27.41,$70.78,40,"1,389"
"Feb 12, 2026",Catalog - Auto,$158.20,$267.29,176,"5,506"
"Feb 13, 2026",Skillets - Exact,$111.56,$411.21,105,"5,158"
"Feb 13, 2026",Skillets - Broad,$50.40,$134.32,46,"2,705"
"Feb 13, 2026",Knives - Exact,$66.67,$349.08,80,"2,987"
"Feb 13, 2026",Knives - Broad,$35.43,$112.79,47,"1,962"
"Feb 13, 2026",Boards - Exact,$35.81,$148.16,35,"1,137"
"Feb 13, 2026",Coffee - Exact,$46.61,$163.64,72,"2,044"
"Feb 13, 2026",Coffee - Broad,$29.62,$59.04,39,"2,103"
"Feb 13, 2026",Catalog - Auto,$89.65,$155.80,114,"5,774"
"Feb 14, 2026",Skillets - Exact,$84.98,$283.30,118,"5,305"
"Feb 14, 2026",Skillets - Broad,$46.13,$98.07,68,"4,066"
"Feb 14, 2026",Knives - Exact,$88.73,$274.87,89,"4,881"
"Feb 14, 2026",Knives - Broad,$51.68,$96.23,57,"2,976"
"Feb 14, 2026",Boards - Exact,$55.69,$217.91,85,"3,272"
"Feb 14, 2026",Coffee - Exact,$60.72,$146.40,60,"3,157"
"Feb 14, 2026",Coffee - Broad,$28.75,$67.58,35,"1,356"
"Feb 14, 2026",Catalog - Auto,$85.78,$157.52,116,"4,199"
"Feb 15, 2026",Skillets - Exact,$73.97,$232.95,105,"3,090"
"Feb 15, 2026",Skillets - Broad,$60.70,$107.23,82,"2,683"
"Feb 15, 2026",Knives - Exact,$73.44,$394.39,79,"3,555"
"Feb 15, 2026",Knives - Broad,$41.71,$101.22,54,"2,704"
"Feb 15, 2026",Boards - Exact,$25.99,$104.53,33,931
"Feb 15, 2026",Coffee - Exact,$52.37,$293.93,73,"4,375"
"Feb 15, 2026",Coffee - Broad,$36.33,$122.46,35,"1,321"
"Feb 15, 2026",Catalog - Auto,$128.51,$202.16,206,"8,552"
"Feb 16, 2026",Skillets - Exact,$100.57,$323.60,160,"5,672"
"Feb 16, 2026",Skillets - Broad,$81.31,$166.67,103,"5,234"
"Feb 16, 2026",Knives - Exact,$76.35,$404.32,74,"3,786"
"Feb 16, 2026",Knives - Broad,$57.06,$134.28,60,"2,834"
"Feb 16, 2026",Boards - Exact,$36.19,$199.53,32,"1,488"
"Feb 16, 2026",Coffee - Exact,$47.33,$276.91,46,"2,693"
"Feb 16, 2026",Coffee - Broad,$29.17,$66.49,33,"1,398"
"Feb 16, 2026",Catalog - Auto,$124.04,$161.99,116,"4,797"
"Feb 17, 2026",Skillets - Exact,$73.53,$278.02,87,"2,497"
"Feb 17, 2026",Skillets - Broad,$61.02,$170.67,63,"3,073"
"Feb 17, 2026",Knives - Exact,$60.97,$260.26,99,"5,855"
"Feb 17, 2026",Knives - Broad,$40.66,$88.72,58,"2,434"
"Feb 17, 2026",Boards - Exact,$44.04,$115.21,75,"3,067"
"Feb 17, 2026",Coffee - Exact,$42.39,$121.75,66,"3,239"
"Feb 17, 2026",Coffee - Broad,$30.57,$78.10,35,"1,532"
"Feb 17, 2026",Catalog - Auto,$128.10,$176.74,205,"11,538"
"Feb 18, 2026",Skillets - Exact,$115.53,$362.08,152,"5,929"
"Feb 18, 2026",Skillets - Broad,$62.02,$205.36,70,"2,861"
"Feb 18, 2026",Knives - Exact,$71.23,$315.09,110,"5,274"
"Feb 18, 2026",Knives - Broad,$49.13,$106.89,53,"2,504"
"Feb 18, 2026",Boards - Exact,$43.50,$135.89,46,"2,341"
"Feb 18, 2026",Coffee - Exact,$45.43,$225.44,68,"2,335"
"Feb 18, 2026",Coffee - Broad,$30.85,$78.35,33,"1,035"
"Feb 18, 2026",Catalog - Auto,$125.09,$259.03,190,"11,331"
"Feb 19, 2026",Skillets - Exact,$103.28,$593.89,156,"6,234"
"Feb 19, 2026",Skillets - Broad,$99.73,$175.00,132,"6,340"
"Feb 19, 2026",Knives - Exact,$91.53,$282.99,106,"3,951"
"Feb 19, 2026",Knives - Broad,$65.17,$153.36,80,"4,767"
"Feb 19, 2026",Boards - Exact,$39.24,$167.12,39,"1,842"
"Feb 19, 2026",Coffee - Exact,$42.10,$168.76,41,"1,949"
"Feb 19, 2026",Coffee - Broad,$37.50,$79.66,47,"2,682"
"Feb 19, 2026",Catalog - Auto,$150.40,$293.04,145,"7,896"
"Feb 20, 2026",Skillets - Exact,$111.04,$395.51,129,"3,837"
"Feb 20, 2026",Skillets - Broad,$73.23,$162.45,69,"2,722"
"Feb 20, 2026",Knives - Exact,$88.74,$286.39,158,"5,635"
"Feb 20, 2026",Knives - Broad,$39.15,$100.53,51,"2,500"
"Feb 20, 2026",Boards - Exact,$50.32,$132.97,53,"1,630"
"Feb 20, 2026",Coffee - Exact,$43.93,$166.32,41,"2,347"
"Feb 20, 2026",Coffee - Broad,$37.83,$97.54,43,"1,462"
"Feb 20, 2026",Catalog - Auto,$150.29,$242.80,149,"4,861"
"Feb 21, 2026",Skillets - Exact,$99.14,$292.16,106,"3,237"
"Feb 21, 2026",Skillets - Broad,$70.80,$166.55,88,"4,322"
"Feb 21, 2026",Knives - Exact,$76.22,$329.31,90,"3,823"
"Feb 21, 2026",Knives - Broad,$43.48,$96.24,70,"2,844"
"Feb 21, 2026",Boards - Exact,$39.21,$139.04,50,"2,389"
"Feb 21, 2026",Coffee - Exact,$39.85,$142.74,38,"2,245"
"Feb 21, 2026",Coffee - Broad,$26.79,$83.76,46,"1,342"
"Feb 21, 2026",Catalog - Auto,$118.21,$182.30,124,"4,858"
"Feb 22, 2026",Skillets - Exact,$114.68,$452.62,163,"6,788"
"Feb 22, 2026",Skillets - Broad,$79.34,$177.50,105,"5,151"
"Feb 22, 2026",Knives - Exact,$80.43,$321.19,89,"3,883"
"Feb 22, 2026",Knives - Broad,$49.41,$123.14,58,"2,153"
"Feb 22, 2026",Boards - Exact,$40.96,$185.89,56,"2,530"
"Feb 22, 2026",Coffee - Exact,$35.99,$224.65,51,"1,640"
"Feb 22, 2026",Coffee - Broad,$32.46,$70.41,30,"1,392"
"Feb 22, 2026",Catalog - Auto,$133.73,$211.72,142,"4,618"
"Feb 23, 2026",Skillets - Exact,$93.29,$389.86,114,"6,001"
"Feb 23, 2026",Skillets - Broad,$66.41,$176.20,101,"3,124"
"Feb 23, 2026",Knives - Exact,$65.96,$236.94,62,"3,572"
"Feb 23, 2026",Knives - Broad,$60.47,$107.41,71,"3,857"
"Feb 23, 2026",Boards - Exact,$36.93,$141.08,62,"3,635"
"Feb 23, 2026",Coffee - Exact,$53.77,$228.63,72,"2,889"
"Feb 23, 2026",Coffee - Broad,$31.51,$64.33,51,"2,717"
"Feb 23, 2026",Catalog - Auto,$109.30,$192.98,192,"6,754"
"Feb 24, 2026",Skillets - Exact,$99.73,$344.25,149,"7,692"
"Feb 24, 2026",Skillets - Broad,$48.33,$116.78,63,"2,408"
"Feb 24, 2026",Knives - Exact,$87.35,$315.27,120,"5,339"
"Feb 24, 2026",Knives - Broad,$43.74,$111.51,40,"1,857"
"Feb 24, 2026",Boards - Exact,$34.59,$172.80,35,"1,806"
"Feb 24, 2026",Coffee - Exact,$37.74,$134.42,41,"2,244"
"Feb 24, 2026",Coffee - Broad,$46.77,$99.21,58,"1,803"
"Feb 24, 2026",Catalog - Auto,$150.98,$189.97,214,"9,391"
"Feb 25, 2026",Skillets - Exact,$78.78,$361.13,71,"2,355"
"Feb 25, 2026",Skillets - Broad,$75.25,$149.34,74,"3,606"
"Feb 25, 2026",Knives - Exact,$65.17,$260.86,117,"4,901"
"Feb 25, 2026",Knives - Broad,$67.99,$122.03,101,"5,790"
"Feb 25, 2026",Boards - Exact,$41.41,$204.78,43,"1,416"
"Feb 25, 2026",Coffee - Exact,$50.95,$206.18,56,"2,230"
"Feb 25, 2026",Coffee - Broad,$31.02,$87.28,45,"1,712"
"Feb 25, 2026",Catalog - Auto,$136.92,$255.03,127,"5,744"
"Feb 26, 2026",Skillets - Exact,$79.93,$288.81,130,"6,357"
"Feb 26, 2026",Skillets - Broad,$55.70,$178.32,97,"5,529"
"Feb 26, 2026",Knives - Exact,$96.66,$343.81,144,"4,862"
"Feb 26, 2026",Knives - Broad,$46.63,$158.77,72,"3,891"
"Feb 26, 2026",Boards - Exact,$56.01,$157.87,73,"3,262"
"Feb 26, 2026",Coffee - Exact,$39.34,$169.90,50,"2,853"
"Feb 26, 2026",Coffee - Broad,$34.73,$83.04,35,"1,309"
"Feb 26, 2026",Catalog - Auto,$111.40,$188.58,198,"6,562"
"Feb 27, 2026",Skillets - Exact,$101.05,$255.11,91,"4,768"
"Feb 27, 2026",Skillets - Broad,$55.42,$129.70,57,"2,202"
"Feb 27, 2026",Knives - Exact,$76.93,$307.37,136,"5,991"
"Feb 27, 2026",Knives - Broad,$39.96,$99.06,50,"2,252"
"Feb 27, 2026",Boards - Exact,$25.49,$91.17,25,"1,197"
"Feb 27, 2026",Coffee - Exact,$57.81,$275.80,68,"2,033"
"Feb 27, 2026",Coffee - Broad,$28.37,$92.81,34,"1,899"
"Feb 27, 2026",Catalog - Auto,$114.49,$303.87,204,"6,098"
"Feb 28, 2026",Skillets - Exact,$128.18,$351.90,199,"6,778"
"Feb 28, 2026",Skillets - Broad,$50.19,$150.22,51,"2,053"
"Feb 28, 2026",Knives - Exact,$83.97,$207.43,140,"5,673"
"Feb 28, 2026",Knives - Broad,$54.23,$142.44,50,"2,212"
"Feb 28, 2026",Boards - Exact,$27.32,$123.52,39,"2,273"
"Feb 28, 2026",Coffee - Exact,$46.39,$163.77,42,"1,916"
"Feb 28, 2026",Coffee - Broad,$30.61,$69.13,52,"1,643"
"Feb 28, 2026",Catalog - Auto,$120.25,$206.53,130,"4,881"
"Mar 01, 2026",Skillets - Exact,$133.19,$520.46,126,"4,734"
"Mar 01, 2026",Skillets - Broad,$54.03,$111.99,51,"2,920"
"Mar 01, 2026",Knives - Exact,$69.38,$183.68,87,"3,259"
"Mar 01, 2026",Knives - Broad,$53.83,$103.88,59,"3,363"
"Mar 01, 2026",Boards - Exact,$53.89,$179.38,50,"1,521"
"Mar 01, 2026",Coffee - Exact,$38.82,$155.65,35,"1,991"
"Mar 01, 2026",Coffee - Broad,$32.77,$85.77,43,"1,560"
"Mar 01, 2026",Catalog - Auto,$86.35,$187.48,87,"3,980"
"Mar 02, 2026",Skillets - Exact,$103.36,$401.61,94,"4,491"
"Mar 02, 2026",Skillets - Broad,$57.98,$262.93,55,"2,985"
"Mar 02, 2026",Knives - Exact,$74.62,$157.76,71,"2,668"
"Mar 02, 2026",Knives - Broad,$45.62,$100.64,51,"3,057"
"Mar 02, 2026",Boards - Exact,$34.43,$133.90,39,"2,212"
"Mar 02, 2026",Coffee - Exact,$39.25,$167.59,66,"2,529"
"Mar 02, 2026",Coffee - Broad,$38.32,$90.93,39,"1,926"
"Mar 02, 2026",Catalog - Auto,$124.51,$199.93,125,"4,675"
"Mar 03, 2026",Skillets - Exact,$129.31,$608.86,127,"4,856"
"Mar 03, 2026",Skillets - Broad,$45.36,$154.46,72,"2,978"
"Mar 03, 2026",Knives - Exact,$100.73,$289.09,96,"2,838"
"Mar 03, 2026",Knives - Broad,$43.29,$105.48,46,"2,594"
"Mar 03, 2026",Boards - Exact,$53.80,$238.27,97,"4,258"
"Mar 03, 2026",Coffee - Exact,$39.74,$190.56,52,"1,507"
"Mar 03, 2026",Coffee - Broad,$38.65,$120.70,41,"2,059"
"Mar 03, 2026",Catalog - Auto,$128.82,$228.81,169,"6,447"
"Mar 04, 2026",Skillets - Exact,$86.22,$353.89,102,"2,989"
"Mar 04, 2026",Skillets - Broad,$76.79,$174.48,77,"4,069"
"Mar 04, 2026",Knives - Exact,$85.70,$275.03,109,"6,510"
"Mar 04, 2026",Knives - Broad,$58.24,$103.70,92,"3,903"
"Mar 04, 2026",Boards - Exact,$38.06,$185.10,42,"1,864"
"Mar 04, 2026",Coffee - Exact,$27.67,$118.06,25,"1,021"
"Mar 04, 2026",Coffee - Broad,$42.47,$88.42,61,"3,589"
"Mar 04, 2026",Catalog - Auto,$123.08,$156.01,112,"5,537"
"Mar 05, 2026",Skillets - Exact,$128.02,$414.91,227,"12,417"
"Mar 05, 2026",Skillets - Broad,$46.87,$152.77,62,"2,467"
"Mar 05, 2026",Knives - Exact,$77.71,$312.97,115,"4,130"
"Mar 05, 2026",Knives - Broad,$44.07,$92.67,43,"1,357"
"Mar 05, 2026",Boards - Exact,$33.25,$147.20,39,"1,782"
"Mar 05, 2026",Coffee - Exact,$45.56,$208.68,54,"1,825"
"Mar 05, 2026",Coffee - Broad,$26.70,$38.87,29,"1,216"
"Mar 05, 2026",Catalog - Auto,$136.33,$195.46,200,"7,352"
"Mar 06, 2026",Skillets - Exact,$102.96,$438.50,102,"5,366"
"Mar 06, 2026",Skillets - Broad,$56.27,$100.15,54,"1,610"
"Mar 06, 2026",Knives - Exact,$83.30,$616.51,108,"3,431"
"Mar 06, 2026",Knives - Broad,$48.07,$93.05,75,"3,672"
"Mar 06, 2026",Boards - Exact,$36.40,$107.27,53,"2,880"
"Mar 06, 2026",Coffee - Exact,$43.83,$202.25,55,"1,702"
"Mar 06, 2026",Coffee - Broad,$38.73,$90.08,48,"2,598"
"Mar 06, 2026",Catalog - Auto,$126.06,$199.10,144,"6,527"
"Mar 07, 2026",Skillets - Exact,$100.01,$413.89,100,"5,542"
"Mar 07, 2026",Skillets - Broad,$57.99,$127.31,57,"2,370"
"Mar 07, 2026",Knives - Exact,$78.65,$395.98,139,"5,439"
"Mar 07, 2026",Knives - Broad,$54.58,$110.34,51,"1,844"
"Mar 07, 2026",Boards - Exact,$38.17,$146.74,69,"3,538"
"Mar 07, 2026",Coffee - Exact,$44.42,$219.18,47,"1,395"
"Mar 07, 2026",Coffee - Broad,$24.24,$83.63,22,"1,098"
"Mar 07, 2026",Catalog - Auto,$100.35,$139.79,97,"3,342"
"Mar 08, 2026",Skillets - Exact,$111.71,$415.38,156,"6,889"
"Mar 08, 2026",Skillets - Broad,$47.68,$125.28,44,"2,208"
"Mar 08, 2026",Knives - Exact,$86.36,$335.86,126,"6,402"
"Mar 08, 2026",Knives - Broad,$47.36,$101.40,60,"2,899"
"Mar 08, 2026",Boards - Exact,$31.24,$199.03,30,"1,204"
"Mar 08, 2026",Coffee - Exact,$40.41,$211.03,40,"1,573"
"Mar 08, 2026",Coffee - Broad,$28.85,$97.57,31,"1,643"
"Mar 08, 2026",Catalog - Auto,$149.27,$273.58,263,"8,483"
"Mar 09, 2026",Skillets - Exact,$93.92,$302.65,136,"6,219"
"Mar 09, 2026",Skillets - Broad,$43.32,$113.58,47,"2,779"
"Mar 09, 2026",Knives - Exact,$51.08,$210.89,58,"2,213"
"Mar 09, 2026",Knives - Broad,$45.82,$166.17,69,"3,677"
"Mar 09, 2026",Boards - Exact,$39.18,$141.10,60,"3,537"
"Mar 09, 2026",Coffee - Exact,$36.50,$168.94,39,"1,845"
"Mar 09, 2026",Coffee - Broad,$40.66,$87.41,43,"2,224"
"Mar 09, 2026",Catalog - Auto,$86.21,$164.41,123,"3,719"
"Mar 10, 2026",Skillets - Exact,$78.01,$253.84,111,"4,910"
"Mar 10, 2026",Skillets - Broad,$59.52,$121.21,63,"2,867"
"Mar 10, 2026",Knives - Exact,$59.23,$223.11,72,"2,618"
"Mar 10, 2026",Knives - Broad,$39.65,$125.45,58,"3,186"
"Mar 10, 2026",Boards - Exact,$45.58,$210.44,79,"2,534"
"Mar 10, 2026",Coffee - Exact,$32.70,$136.45,50,"2,342"
"Mar 10, 2026",Coffee - Broad,$26.99,$65.64,47,"1,709"
"Mar 10, 2026",Catalog - Auto,$78.97,$132.70,127,"6,190"
"Mar 11, 2026",Skillets - Exact,$91.66,$378.77,85,"3,124"
"Mar 11, 2026",Skillets - Broad,$51.01,$102.00,54,"1,615"
"Mar 11, 2026",Knives - Exact,$79.88,$264.71,119,"6,021"
"Mar 11, 2026",Knives - Broad,$49.13,$104.45,46,"1,440"
"Mar 11, 2026",Boards - Exact,$33.61,$141.52,36,"1,681"
"Mar 11, 2026",Coffee - Exact,$32.48,$125.59,45,"1,777"
"Mar 11, 2026",Coffee - Broad,$36.16,$116.02,39,"2,284"
"Mar 11, 2026",Catalog - Auto,$87.19,$221.65,86,"3,809"
"Mar 12, 2026",Skillets - Exact,$63.28,$213.43,100,"4,115"
"Mar 12, 2026",Skillets - Broad,$37.19,$100.37,34,"1,915"
"Mar 12, 2026",Knives - Exact,$85.57,$364.27,108,"5,276"
"Mar 12, 2026",Knives - Broad,$41.48,$85.33,47,"2,588"
"Mar 12, 2026",Boards - Exact,$28.93,$160.22,36,"1,013"
"Mar 12, 2026",Coffee - Exact,$43.05,$148.41,50,"1,512"
"Mar 12, 2026",Coffee - Broad,$31.59,$44.78,43,"1,499"
"Mar 12, 2026",Catalog - Auto,$116.72,$149.74,130,"4,338"
"Mar 13, 2026",Skillets - Exact,$81.76,$213.27,118,"6,826"
"Mar 13, 2026",Skillets - Broad,$49.82,$144.95,47,"2,302"
"Mar 13, 2026",Knives - Exact,$44.88,$217.97,77,"4,220"
"Mar 13, 2026",Knives - Broad,$44.97,$151.11,65,"2,038"
"Mar 13, 2026",Boards - Exact,$25.84,$124.39,37,"1,854"
"Mar 13, 2026",Coffee - Exact,$34.31,$139.45,34,"1,507"
"Mar 13, 2026",Coffee - Broad,$23.23,$111.68,40,"1,935"
"Mar 13, 2026",Catalog - Auto,$107.94,$201.33,193,"10,221"
"Mar 14, 2026",Skillets - Exact,$73.68,$244.58,68,"3,869"
"Mar 14, 2026",Skillets - Broad,$56.74,$130.04,54,"3,114"
"Mar 14, 2026",Knives - Exact,$46.77,$209.61,70,"4,077"
"Mar 14, 2026",Knives - Broad,$32.33,$79.41,31,"1,425"
"Mar 14, 2026",Boards - Exact,$27.72,$169.04,27,804
"Mar 14, 2026",Coffee - Exact,$43.77,$165.64,53,"1,878"
"Mar 14, 2026",Coffee - Broad,$32.18,$59.09,30,"1,107"
"Mar 14, 2026",Catalog - Auto,$105.50,$207.61,112,"5,091"
"Mar 15, 2026",Skillets - Exact,$85.04,$297.53,97,"5,714"
"Mar 15, 2026",Skillets - Broad,$41.14,$127.09,54,"1,516"
"Mar 15, 2026",Knives - Exact,$71.95,$293.37,76,"2,933"
"Mar 15, 2026",Knives - Broad,$38.95,$117.36,56,"3,266"
"Mar 15, 2026",Boards - Exact,$29.32,$200.94,35,"1,413"
"Mar 15, 2026",Coffee - Exact,$39.50,$208.60,45,"2,111"
"Mar 15, 2026",Coffee - Broad,$33.63,$85.11,46,"1,290"
"Mar 15, 2026",Catalog - Auto,$62.42,$129.61,76,"2,331"
"Mar 16, 2026",Skillets - Exact,$87.11,$393.78,112,"6,148"
"Mar 16, 2026",Skillets - Broad,$53.70,$155.37,80,"4,071"
"Mar 16, 2026",Knives - Exact,$43.19,$189.77,46,"1,867"
"Mar 16, 2026",Knives - Broad,$38.09,$94.80,40,"2,318"
"Mar 16, 2026",Boards - Exact,$25.60,$93.52,35,"1,775"
"Mar 16, 2026",Coffee - Exact,$34.53,$142.37,50,"2,271"
"Mar 16, 2026",Coffee - Broad,$25.84,$85.99,40,"1,283"
"Mar 16, 2026",Catalog - Auto,$84.41,$162.73,77,"3,201"
"Mar 17, 2026",Skillets - Exact,$78.00,$270.87,97,"5,772"
"Mar 17, 2026",Skillets - Broad,$54.92,$139.02,80,"4,745"
"Mar 17, 2026",Knives - Exact,$43.82,$182.10,49,"1,493"
"Mar 17, 2026",Knives - Broad,$41.46,$105.10,41,"2,381"
"Mar 17, 2026",Boards - Exact,$27.05,$174.30,44,"1,710"
"Mar 17, 2026",Coffee - Exact,$39.22,$152.38,35,"1,030"
"Mar 17, 2026",Coffee - Broad,$29.68,$94.09,35,"1,486"
"Mar 17, 2026",Catalog - Auto,$104.14,$210.68,160,"8,313"
"Mar 18, 2026",Skillets - Exact,$44.01,$258.92,77,"2,797"
"Mar 18, 2026",Skillets - Broad,$33.97,$79.98,38,"1,424"
"Mar 18, 2026",Knives - Exact,$57.07,$279.33,60,"1,924"
"Mar 18, 2026",Knives - Broad,$44.30,$91.32,60,"2,443"
"Mar 18, 2026",Boards - Exact,$22.09,$107.26,25,"1,268"
"Mar 18, 2026",Coffee - Exact,$45.41,$155.47,60,"2,485"
"Mar 18, 2026",Coffee - Broad,$21.86,$77.97,27,"1,317"
"Mar 18, 2026",Catalog - Auto,$94.81,$199.56,94,"3,409"
"Mar 19, 2026",Skillets - Exact,$74.89,$372.13,130,"6,842"
"Mar 19, 2026",Skillets - Broad,$34.81,$117.96,50,"1,853"
"Mar 19, 2026",Knives - Exact,$68.93,$201.74,79,"2,858"
"Mar 19, 2026",Knives - Broad,$37.62,$90.80,62,"2,753"
"Mar 19, 2026",Boards - Exact,$30.66,$152.03,29,"1,391"
"Mar 19, 2026",Coffee - Exact,$24.67,$188.29,36,"1,286"
"Mar 19, 2026",Coffee - Broad,$20.64,$56.88,24,851
"Mar 19, 2026",Catalog - Auto,$116.32,$202.17,126,"6,303"
"Mar 20, 2026",Skillets - Exact,$75.37,$448.77,98,"5,769"
"Mar 20, 2026",Skillets - Broad,$39.76,$132.83,46,"1,399"
"Mar 20, 2026",Knives - Exact,$55.96,$243.09,64,"2,897"
"Mar 20, 2026",Knives - Broad,$35.86,$94.63,37,"1,639"
"Mar 20, 2026",Boards - Exact,$26.56,$123.61,25,999
"Mar 20, 2026",Coffee - Exact,$33.90,$107.05,34,"1,679"
"Mar 20, 2026",Coffee - Broad,$34.67,$61.08,32,"1,822"
"Mar 20, 2026",Catalog - Auto,$91.18,$224.40,114,"3,931"
"Mar 21, 2026",Skillets - Exact,$68.39,$198.10,98,"4,604"
"Mar 21, 2026",Skillets - Broad,$42.34,$80.58,55,"2,130"
"Mar 21, 2026",Knives - Exact,$54.56,$182.40,69,"4,081"
"Mar 21, 2026",Knives - Broad,$38.30,$128.97,56,"1,681"
"Mar 21, 2026",Boards - Exact,$36.67,$106.04,47,"2,537"
"Mar 21, 2026",Coffee - Exact,$26.71,$144.17,36,"2,069"
"Mar 21, 2026",Coffee - Broad,$24.62,$67.99,26,863
"Mar 21, 2026",Catalog - Auto,$93.37,$181.46,137,"4,751"
"Mar 22, 2026",Skillets - Exact,$63.86,$211.02,61,"1,923"
"Mar 22, 2026",Skillets - Broad,$39.81,$115.55,43,"1,717"
"Mar 22, 2026",Knives - Exact,$47.87,$238.71,43,"1,706"
"Mar 22, 2026",Knives - Broad,$41.59,$131.43,65,"1,972"
"Mar 22, 2026",Boards - Exact,$28.81,$142.45,37,"1,200"
"Mar 22, 2026",Coffee - Exact,$27.91,$170.86,30,"1,032"
"Mar 22, 2026",Coffee - Broad,$21.79,$49.64,28,859
"Mar 22, 2026",Catalog - Auto,$88.97,$146.47,97,"5,710"
"Mar 23, 2026",Skillets - Exact,$72.85,$420.48,76,"2,978"
"Mar 23, 2026",Skillets - Broad,$33.60,$105.64,30,"1,537"
"Mar 23, 2026",Knives - Exact,$51.72,$315.43,66,"3,427"
"Mar 23, 2026",Knives - Broad,$29.72,$68.83,36,"1,691"
"Mar 23, 2026",Boards - Exact,$26.59,$118.23,43,"1,435"
"Mar 23, 2026",Coffee - Exact,$33.75,$133.24,45,"1,620"
"Mar 23, 2026",Coffee - Broad,$28.08,$83.22,34,961
"Mar 23, 2026",Catalog - Auto,$65.99,$121.60,71,"2,619"
"Mar 24, 2026",Skillets - Exact,$64.67,$426.41,68,"2,759"
"Mar 24, 2026",Skillets - Broad,$34.60,$138.24,35,"1,114"
"Mar 24, 2026",Knives - Exact,$59.31,$315.28,78,"4,606"
"Mar 24, 2026",Knives - Broad,$33.17,$107.68,58,"2,196"
"Mar 24, 2026",Boards - Exact,$31.34,$119.81,29,"1,620"
"Mar 24, 2026",Coffee - Exact,$24.32,$140.29,42,"1,907"
"Mar 24, 2026",Coffee - Broad,$21.14,$50.45,20,697
"Mar 24, 2026",Catalog - Auto,$104.21,$248.33,105,"4,538"
"Mar 25, 2026",Skillets - Exact,$56.11,$252.15,94,"4,390"
"Mar 25, 2026",Skillets - Broad,$48.40,$146.31,48,"1,512"
"Mar 25, 2026",Knives - Exact,$56.74,$341.21,88,"4,059"
"Mar 25, 2026",Knives - Broad,$36.95,$121.52,36,"1,596"
"Mar 25, 2026",Boards - Exact,$27.36,$115.72,48,"1,422"
"Mar 25, 2026",Coffee - Exact,$33.36,$139.02,33,"1,135"
"Mar 25, 2026",Coffee - Broad,$24.83,$53.06,26,824
"Mar 25, 2026",Catalog - Auto,$83.90,$155.43,80,"3,481"
"Mar 26, 2026",Skillets - Exact,$53.11,$298.14,48,"1,528"
"Mar 26, 2026",Skillets - Broad,$43.12,$92.00,70,"2,905"
"Mar 26, 2026",Knives - Exact,$46.48,$184.65,60,"2,900"
"Mar 26, 2026",Knives - Broad,$37.24,$74.96,36,"1,479"
"Mar 26, 2026",Boards - Exact,$26.76,$180.39,31,975
"Mar 26, 2026",Coffee - Exact,$33.72,$164.07,44,"2,602"
"Mar 26, 2026",Coffee - Broad,$32.19,$61.63,37,"1,828"
"Mar 26, 2026",Catalog - Auto,$93.46,$252.72,99,"2,965"
"Mar 27, 2026",Skillets - Exact,$80.61,$287.72,83,"4,934"
"Mar 27, 2026",Skillets - Broad,$36.37,$107.45,56,"2,622"
"Mar 27, 2026",Knives - Exact,$58.11,$207.46,57,"1,941"
"Mar 27, 2026",Knives - Broad,$28.16,$84.15,30,"1,498"
"Mar 27, 2026",Boards - Exact,$28.01,$119.81,39,"1,203"
"Mar 27, 2026",Coffee - Exact,$25.05,$132.39,24,928
"Mar 27, 2026",Coffee - Broad,$27.55,$79.48,27,"1,323"
"Mar 27, 2026",Catalog - Auto,$72.01,$218.31,84,"4,476"
"Mar 28, 2026",Skillets - Exact,$74.29,$233.20,84,"2,373"
"Mar 28, 2026",Skillets - Broad,$48.17,$123.78,53,"2,778"
"Mar 28, 2026",Knives - Exact,$52.31,$218.07,52,"3,016"
"Mar 28, 2026",Knives - Broad,$37.63,$103.47,52,"1,991"
"Mar 28, 2026",Boards - Exact,$30.51,$180.55,54,"2,262"
"Mar 28, 2026",Coffee - Exact,$33.35,$112.54,55,"1,809"
"Mar 28, 2026",Coffee - Broad,$21.30,$58.19,35,"2,046"
"Mar 28, 2026",Catalog - Auto,$82.83,$166.68,97,"5,569"
"Mar 29, 2026",Skillets - Exact,$70.55,$323.28,69,"3,374"
"Mar 29, 2026",Skillets - Broad,$44.80,$124.41,54,"2,415"
"Mar 29, 2026",Knives - Exact,$69.71,$214.55,70,"2,893"
"Mar 29, 2026",Knives - Broad,$38.76,$111.63,57,"3,043"
"Mar 29, 2026",Boards - Exact,$35.40,$133.88,35,"1,002"
"Mar 29, 2026",Coffee - Exact,$37.04,$168.66,43,"2,269"
"Mar 29, 2026",Coffee - Broad,$22.85,$60.61,39,"2,089"
"Mar 29, 2026",Catalog - Auto,$72.91,$176.00,68,"2,784"
"Mar 30, 2026",Skillets - Exact,$67.15,$416.56,79,"2,615"
"Mar 30, 2026",Skillets - Broad,$51.41,$108.63,92,"2,630"
"Mar 30, 2026",Knives - Exact,$50.97,$207.92,57,"2,838"
"Mar 30, 2026",Knives - Broad,$40.16,$110.53,58,"3,380"
"Mar 30, 2026",Boards - Exact,$22.85,$125.36,27,"1,189"
"Mar 30, 2026",Coffee - Exact,$26.34,$128.23,30,"1,732"
"Mar 30, 2026",Coffee - Broad,$22.35,$68.75,36,"1,719"
"Mar 30, 2026",Catalog - Auto,$128.14,$237.16,164,"5,307"
"Mar 31, 2026",Skillets - Exact,$50.91,$288.41,54,"2,806"
"Mar 31, 2026",Skillets - Broad,$45.18,$115.82,79,"2,710"
"Mar 31, 2026",Knives - Exact,$66.82,$208.57,98,"3,093"
"Mar 31, 2026",Knives - Broad,$49.77,$155.98,71,"2,403"
"Mar 31, 2026",Boards - Exact,$29.62,$91.13,27,"1,051"
"Mar 31, 2026",Coffee - Exact,$33.81,$111.31,39,"2,020"
"Mar 31, 2026",Coffee - Broad,$30.23,$52.72,33,"1,768"
"Mar 31, 2026",Catalog - Auto,$70.54,$153.66,111,"5,515"
"Apr 01, 2026",Skillets - Exact,$61.71,$237.13,59,"2,227"
"Apr 01, 2026",Skillets - Broad,$34.69,$153.25,50,"2,065"
"Apr 01, 2026",Knives - Exact,$53.77,$221.71,67,"3,365"
"Apr 01, 2026",Knives - Broad,$42.22,$106.09,39,"2,094"
"Apr 01, 2026",Boards - Exact,$34.65,$114.01,41,"1,178"
"Apr 01, 2026",Coffee - Exact,$37.94,$212.25,59,"2,755"
"Apr 01, 2026",Coffee - Broad,$20.14,$52.58,36,"1,985"
"Apr 01, 2026",Catalog - Auto,$69.88,$141.93,88,"3,833"
"Apr 02, 2026",Skillets - Exact,$76.61,$344.56,133,"7,433"
"Apr 02, 2026",Skillets - Broad,$57.22,$188.44,58,"2,849"
"Apr 02, 2026",Knives - Exact,$61.48,$199.36,79,"3,568"
"Apr 02, 2026",Knives - Broad,$36.80,$109.04,33,"1,623"
"Apr 02, 2026",Boards - Exact,$30.96,$170.11,32,"1,163"
"Apr 02, 2026",Coffee - Exact,$42.66,$175.12,44,"2,137"
"Apr 02, 2026",Coffee - Broad,$21.17,$75.08,23,"1,064"
"Apr 02, 2026",Catalog - Auto,$115.61,$167.08,121,"7,013"
"Apr 03, 2026",Skillets - Exact,$77.48,$396.35,83,"3,235"
"Apr 03, 2026",Skillets - Broad,$58.55,$152.06,55,"2,264"
"Apr 03, 2026",Knives - Exact,$81.58,$302.96,97,"2,732"
"Apr 03, 2026",Knives - Broad,$43.66,$158.71,53,"1,925"
"Apr 03, 2026",Boards - Exact,$36.05,$124.14,64,"2,375"
"Apr 03, 2026",Coffee - Exact,$45.61,$206.91,62,"2,374"
"Apr 03, 2026",Coffee - Broad,$28.89,$58.69,42,"1,795"
"Apr 03, 2026",Catalog - Auto,$110.06,$224.54,102,"6,054"
"Apr 04, 2026",Skillets - Exact,$95.97,$275.02,144,"4,893"
"Apr 04, 2026",Skillets - Broad,$50.92,$104.36,64,"2,350"
"Apr 04, 2026",Knives - Exact,$71.85,$333.73,67,"2,039"
"Apr 04, 2026",Knives - Broad,$47.08,$101.22,50,"2,355"
"Apr 04, 2026",Boards - Exact,$34.10,$163.79,45,"2,679"
"Apr 04, 2026",Coffee - Exact,$32.62,$143.05,34,"1,798"
"Apr 04, 2026",Coffee - Broad,$27.54,$75.58,29,938
"Apr 04, 2026",Catalog - Auto,$80.47,$165.45,78,"2,799"
"Apr 05, 2026",Skillets - Exact,$87.09,$329.96,126,"3,657"
"Apr 05, 2026",Skillets - Broad,$70.52,$163.19,96,"2,723"
"Apr 05, 2026",Knives - Exact,$65.42,$230.77,79,"2,590"
"Apr 05, 2026",Knives - Broad,$65.41,$154.37,106,"3,905"
"Apr 05, 2026",Boards - Exact,$35.14,$177.07,47,"2,035"
"Apr 05, 2026",Coffee - Exact,$47.89,$182.26,83,"2,418"
"Apr 05, 2026",Coffee - Broad,$23.94,$50.66,38,"2,021"
"Apr 05, 2026",Catalog - Auto,$85.28,$162.68,151,"5,170"
"Apr 06, 2026",Skillets - Exact,$83.39,$314.58,145,"7,784"
"Apr 06, 2026",Skillets - Broad,$41.96,$75.00,43,"1,901"
"Apr 06, 2026",Knives - Exact,$77.11,$262.95,103,"3,299"
"Apr 06, 2026",Knives - Broad,$42.95,$151.26,51,"2,046"
"Apr 06, 2026",Boards - Exact,$59.00,$188.36,84,"3,797"
"Apr 06, 2026",Coffee - Exact,$48.63,$194.59,53,"1,498"
"Apr 06, 2026",Coffee - Broad,$28.82,$78.23,30,"1,385"
"Apr 06, 2026",Catalog - Auto,$120.76,$245.65,118,"6,245"
"Apr 07, 2026",Skillets - Exact,$108.74,$552.03,139,"7,402"
"Apr 07, 2026",Skillets - Broad,$90.03,$190.35,132,"4,836"
"Apr 07, 2026",Knives - Exact,$77.09,$276.77,117,"5,506"
"Apr 07, 2026",Knives - Broad,$39.71,$94.77,43,"1,752"
"Apr 07, 2026",Boards - Exact,$35.56,$179.37,32,"1,475"
"Apr 07, 2026",Coffee - Exact,$45.56,$134.41,42,"2,089"
"Apr 07, 2026",Coffee - Broad,$33.07,$64.11,50,"2,117"
"Apr 07, 2026",Catalog - Auto,$127.63,$136.61,187,"8,802"
"Apr 08, 2026",Skillets - Exact,$101.62,$256.68,147,"7,534"
"Apr 08, 2026",Skillets - Broad,$84.45,$120.39,92,"3,543"
"Apr 08, 2026",Knives - Exact,$61.15,$250.09,59,"2,277"
"Apr 08, 2026",Knives - Broad,$43.23,$126.07,49,"2,121"
"Apr 08, 2026",Boards - Exact,$34.44,$143.27,44,"1,482"
"Apr 08, 2026",Coffee - Exact,$43.67,$171.66,65,"3,446"
"Apr 08, 2026",Coffee - Broad,$32.12,$85.07,32,"1,827"
"Apr 08, 2026",Catalog - Auto,$119.58,$261.18,109,"5,097"
"Apr 09, 2026",Skillets - Exact,$76.04,$295.49,105,"5,841"
"Apr 09, 2026",Skillets - Broad,$58.60,$127.90,56,"2,256"
"Apr 09, 2026",Knives - Exact,$73.36,$278.79,76,"4,268"
"Apr 09, 2026",Knives - Broad,$50.65,$149.67,47,"1,585"
"Apr 09, 2026",Boards - Exact,$47.51,$134.91,55,"1,699"
"Apr 09, 2026",Coffee - Exact,$37.39,$148.92,62,"3,022"
"Apr 09, 2026",Coffee - Broad,$45.44,$81.90,48,"1,619"
"Apr 09, 2026",Catalog - Auto,$129.24,$222.61,146,"7,727"
"Apr 10, 2026",Skillets - Exact,$86.87,$420.24,99,"5,298"
"Apr 10, 2026",Skillets - Broad,$47.28,$139.53,74,"2,393"
"Apr 10, 2026",Knives - Exact,$88.22,$291.08,135,"7,591"
"Apr 10, 2026",Knives - Broad,$67.45,$143.19,101,"3,519"
"Apr 10, 2026",Boards - Exact,$43.13,$126.28,49,"1,478"
"Apr 10, 2026",Coffee - Exact,$53.68,$179.01,69,"2,823"
"Apr 10, 2026",Coffee - Broad,$39.67,$101.41,38,"1,084"
"Apr 10, 2026",Catalog - Auto,$121.88,$229.36,169,"9,489"
"Apr 11, 2026",Skillets - Exact,$116.30,$422.38,122,"7,075"
"Apr 11, 2026",Skillets - Broad,$65.95,$147.10,79,"2,599"
"Apr 11, 2026",Knives - Exact,$77.06,$219.74,78,"2,274"
"Apr 11, 2026",Knives - Broad,$60.08,$180.04,62,"2,222"
"Apr 11, 2026",Boards - Exact,$44.91,$124.44,65,"2,450"
"Apr 11, 2026",Coffee - Exact,$54.06,$158.29,82,"4,661"
"Apr 11, 2026",Coffee - Broad,$33.62,$95.78,31,"1,105"
"Apr 11, 2026",Catalog - Auto,$122.78,$267.87,154,"5,468"
"Apr 12, 2026",Skillets - Exact,$83.48,$338.50,93,"3,811"
"Apr 12, 2026",Skillets - Broad,$63.20,$142.71,74,"2,592"
"Apr 12, 2026",Knives - Exact,$75.89,$218.05,97,"5,035"
"Apr 12, 2026",Knives - Broad,$55.08,$106.62,69,"2,969"
"Apr 12, 2026",Boards - Exact,$56.85,$261.65,74,"2,902"
"Apr 12, 2026",Coffee - Exact,$75.01,$260.10,119,"6,994"
"Apr 12, 2026",Coffee - Broad,$42.28,$123.22,63,"1,800"
"Apr 12, 2026",Catalog - Auto,$107.61,$219.37,171,"5,429"
"Apr 13, 2026",Skillets - Exact,$111.47,$391.35,113,"5,678"
"Apr 13, 2026",Skillets - Broad,$81.01,$242.25,101,"3,338"
"Apr 13, 2026",Knives - Exact,$92.14,$331.20,125,"7,379"
"Apr 13, 2026",Knives - Broad,$48.04,$72.00,52,"2,539"
"Apr 13, 2026",Boards - Exact,$44.68,$102.21,65,"2,600"
"Apr 13, 2026",Coffee - Exact,$72.26,$200.15,95,"3,169"
"Apr 13, 2026",Coffee - Broad,$38.39,$113.64,36,"1,624"
"Apr 13, 2026",Catalog - Auto,$175.45,$259.11,174,"5,187"
"Apr 14, 2026",Skillets - Exact,$139.01,$492.19,244,"14,006"
"Apr 14, 2026",Skillets - Broad,$65.33,$152.70,77,"3,559"
"Apr 14, 2026",Knives - Exact,$83.68,$224.09,95,"4,936"
"Apr 14, 2026",Knives - Broad,$62.93,$105.77,110,"4,441"
"Apr 14, 2026",Boards - Exact,$45.22,$183.59,72,"2,858"
"Apr 14, 2026",Coffee - Exact,$48.69,$200.64,48,"2,057"
"Apr 14, 2026",Coffee - Broad,$30.29,$69.53,29,"1,040"
"Apr 14, 2026",Catalog - Auto,$166.09,$267.84,299,"15,122"
"Apr 15, 2026",Skillets - Exact,$136.37,$590.85,146,"4,239"
"Apr 15, 2026",Skillets - Broad,$83.47,$212.80,80,"3,006"
"Apr 15, 2026",Knives - Exact,$108.16,$526.62,119,"4,824"
"Apr 15, 2026",Knives - Broad,$60.94,$148.67,85,"5,080"
"Apr 15, 2026",Boards - Exact,$50.15,$199.82,52,"2,328"
"Apr 15, 2026",Coffee - Exact,$51.62,$143.80,91,"2,778"
"Apr 15, 2026",Coffee - Broad,$45.00,$105.29,58,"3,271"
"Apr 15, 2026",Catalog - Auto,$161.31,$189.67,154,"7,075"
"Apr 16, 2026",Skillets - Exact,$80.67,$384.51,132,"4,284"
"Apr 16, 2026",Skillets - Broad,$59.79,$198.11,83,"2,498"
"Apr 16, 2026",Knives - Exact,$91.60,$300.76,83,"3,368"
"Apr 16, 2026",Knives - Broad,$40.53,$82.59,38,"2,021"
"Apr 16, 2026",Boards - Exact,$59.51,$251.93,66,"3,949"
"Apr 16, 2026",Coffee - Exact,$57.05,$278.59,55,"3,153"
"Apr 16, 2026",Coffee - Broad,$32.19,$69.48,48,"2,270"
"Apr 16, 2026",Catalog - Auto,$115.98,$244.20,125,"4,888"
"Apr 17, 2026",Skillets - Exact,$148.08,$533.41,161,"7,995"
"Apr 17, 2026",Skillets - Broad,$107.80,$207.27,107,"5,352"
"Apr 17, 2026",Knives - Exact,$82.37,$275.51,102,"4,033"
"Apr 17, 2026",Knives - Broad,$41.86,$119.43,74,"2,292"
"Apr 17, 2026",Boards - Exact,$49.98,$131.82,59,"2,453"
"Apr 17, 2026",Coffee - Exact,$49.16,$180.95,73,"2,564"
"Apr 17, 2026",Coffee - Broad,$44.09,$140.67,57,"2,611"
"Apr 17, 2026",Catalog - Auto,$197.97,$243.46,236,"10,236"
"Apr 18, 2026",Skillets - Exact,$90.84,$416.28,95,"3,273"
"Apr 18, 2026",Skillets - Broad,$88.34,$245.16,116,"6,902"
"Apr 18, 2026",Knives - Exact,$133.48,$297.34,164,"6,868"
"Apr 18, 2026",Knives - Broad,$79.34,$164.02,92,"4,397"
"Apr 18, 2026",Boards - Exact,$43.98,$108.50,40,"2,236"
"Apr 18, 2026",Coffee - Exact,$43.13,$189.79,40,"1,449"
"Apr 18, 2026",Coffee - Broad,$45.12,$108.22,49,"1,519"
"Apr 18, 2026",Catalog - Auto,$161.17,$278.52,184,"5,304"
"Apr 19, 2026",Skillets - Exact,$92.60,$419.34,103,"3,924"
"Apr 19, 2026",Skillets - Broad,$71.86,$139.22,67,"2,364"
"Apr 19, 2026",Knives - Exact,$76.87,$274.87,81,"2,886"
"Apr 19, 2026",Knives - Broad,$44.38,$147.72,72,"2,812"
"Apr 19, 2026",Boards - Exact,$30.77,$129.24,28,"1,205"
"Apr 19, 2026",Coffee - Exact,$46.73,$261.87,76,"2,688"
"Apr 19, 2026",Coffee - Broad,$38.03,$111.43,37,"1,840"
"Apr 19, 2026",Catalog - Auto,$114.94,$238.61,149,"7,091"
"Apr 20, 2026",Skillets - Exact,$79.12,$410.58,122,"6,059"
"Apr 20, 2026",Skillets - Broad,$73.30,$177.74,70,"4,194"
"Apr 20, 2026",Knives - Exact,$129.63,$509.55,132,"3,849"
"Apr 20, 2026",Knives - Broad,$63.89,$107.28,82,"4,878"
"Apr 20, 2026",Boards - Exact,$48.04,$133.85,50,"2,373"
"Apr 20, 2026",Coffee - Exact,$55.48,$207.38,68,"2,541"
"Apr 20, 2026",Coffee - Broad,$44.73,$99.81,54,"1,765"
"Apr 20, 2026",Catalog - Auto,$157.25,$317.91,221,"9,717"
"Apr 21, 2026",Skillets - Exact,$96.10,$289.59,120,"4,713"
"Apr 21, 2026",Skillets - Broad,$70.33,$218.83,78,"3,223"
"Apr 21, 2026",Knives - Exact,$68.83,$193.96,64,"2,572"
"Apr 21, 2026",Knives - Broad,$61.12,$104.64,110,"5,699"
"Apr 21, 2026",Boards - Exact,$60.36,$363.37,61,"2,025"
"Apr 21, 2026",Coffee - Exact,$34.85,$102.53,47,"2,350"
"Apr 21, 2026",Coffee - Broad,$38.58,$100.79,35,"1,848"
"Apr 21, 2026",Catalog - Auto,$137.13,$223.68,233,"12,434"
"Apr 22, 2026",Skillets - Exact,$123.77,$449.18,201,"7,591"
"Apr 22, 2026",Skillets - Broad,$93.74,$150.97,95,"5,582"
"Apr 22, 2026",Knives - Exact,$99.26,$402.86,175,"6,317"
"Apr 22, 2026",Knives - Broad,$92.48,$236.85,114,"4,522"
"Apr 22, 2026",Boards - Exact,$66.92,$154.95,97,"3,780"
"Apr 22, 2026",Coffee - Exact,$49.65,$209.27,49,"1,700"
"Apr 22, 2026",Coffee - Broad,$37.59,$87.72,49,"2,046"
"Apr 22, 2026",Catalog - Auto,$273.59,$370.53,291,"16,065"
"Apr 23, 2026",Skillets - Exact,$108.06,$322.35,133,"7,354"
"Apr 23, 2026",Skillets - Broad,$69.89,$246.50,119,"6,214"
"Apr 23, 2026",Knives - Exact,$103.39,$432.10,117,"3,445"
"Apr 23, 2026",Knives - Broad,$72.22,$128.21,99,"5,705"
"Apr 23, 2026",Boards - Exact,$63.77,$142.93,78,"2,627"
"Apr 23, 2026",Coffee - Exact,$34.00,$162.97,33,"1,516"
"Apr 23, 2026",Coffee - Broad,$38.03,$68.29,49,"2,730"
"Apr 23, 2026",Catalog - Auto,$129.95,$181.06,203,"8,232"
"Apr 24, 2026",Skillets - Exact,$159.66,$463.04,175,"5,431"
"Apr 24, 2026",Skillets - Broad,$67.94,$107.58,99,"4,578"
"Apr 24, 2026",Knives - Exact,$94.73,$426.21,93,"5,366"
"Apr 24, 2026",Knives - Broad,$46.48,$106.55,68,"3,123"
"Apr 24, 2026",Boards - Exact,$47.89,$237.94,74,"4,301"
"Apr 24, 2026",Coffee - Exact,$56.08,$166.24,57,"1,770"
"Apr 24, 2026",Coffee - Broad,$31.95,$80.69,51,"2,535"
"Apr 24, 2026",Catalog - Auto,$169.73,$279.15,202,"6,040"
"Apr 25, 2026",Skillets - Exact,$96.60,$276.59,108,"3,187"
"Apr 25, 2026",Skillets - Broad,$74.01,$137.76,81,"4,415"
"Apr 25, 2026",Knives - Exact,$80.93,$338.32,93,"3,533"
"Apr 25, 2026",Knives - Broad,$53.35,$122.12,52,"1,789"
"Apr 25, 2026",Boards - Exact,$48.72,$145.98,63,"3,444"
"Apr 25, 2026",Coffee - Exact,$44.99,$167.29,46,"2,034"
"Apr 25, 2026",Coffee - Broad,$33.81,$53.50,36,"1,366"
"Apr 25, 2026",Catalog - Auto,$105.01,$202.39,118,"3,568"
"Apr 26, 2026",Skillets - Exact,$103.80,$314.19,115,"5,107"
"Apr 26, 2026",Skillets - Broad,$75.47,$160.57,80,"4,330"
"Apr 26, 2026",Knives - Exact,$97.95,$358.91,94,"2,885"
"Apr 26, 2026",Knives - Broad,$52.17,$160.81,60,"2,097"
"Apr 26, 2026",Boards - Exact,$59.22,$184.75,80,"2,680"
"Apr 26, 2026",Coffee - Exact,$45.69,$161.78,55,"3,173"
"Apr 26, 2026",Coffee - Broad,$33.17,$77.06,31,"1,679"
"Apr 26, 2026",Catalog - Auto,$219.37,$310.18,244,"13,429"
"Apr 27, 2026",Skillets - Exact,$103.45,$481.60,108,"5,338"
"Apr 27, 2026",Skillets - Broad,$88.48,$260.43,90,"4,444"
"Apr 27, 2026",Knives - Exact,$98.42,$300.30,117,"5,013"
"Apr 27, 2026",Knives - Broad,$52.26,$78.81,63,"2,019"
"Apr 27, 2026",Boards - Exact,$33.49,$129.63,45,"1,773"
"Apr 27, 2026",Coffee - Exact,$78.02,$193.93,101,"5,209"
"Apr 27, 2026",Coffee - Broad,$37.48,$127.45,64,"1,862"
"Apr 27, 2026",Catalog - Auto,$119.59,$260.28,135,"7,156"
"Apr 28, 2026",Skillets - Exact,$107.95,$342.56,116,"6,343"
"Apr 28, 2026",Skillets - Broad,$55.97,$219.99,64,"2,723"
"Apr 28, 2026",Knives - Exact,$89.94,$291.55,127,"6,622"
"Apr 28, 2026",Knives - Broad,$58.96,$106.88,68,"3,968"
"Apr 28, 2026",Boards - Exact,$37.08,$123.15,39,"1,445"
"Apr 28, 2026",Coffee - Exact,$56.27,$205.25,82,"3,209"
"Apr 28, 2026",Coffee - Broad,$42.48,$92.76,42,"2,073"
"Apr 28, 2026",Catalog - Auto,$135.52,$227.04,204,"6,880"
"Apr 29, 2026",Skillets - Exact,$76.30,$379.05,73,"2,103"
"Apr 29, 2026",Skillets - Broad,$68.04,$151.27,62,"2,203"
"Apr 29, 2026",Knives - Exact,$107.20,$320.69,125,"4,403"
"Apr 29, 2026",Knives - Broad,$47.27,$86.46,84,"2,574"
"Apr 29, 2026",Boards - Exact,$33.94,$119.07,39,"2,034"
"Apr 29, 2026",Coffee - Exact,$66.04,$161.81,61,"2,406"
"Apr 29, 2026",Coffee - Broad,$26.64,$68.46,27,974
"Apr 29, 2026",Catalog - Auto,$135.44,$209.28,125,"7,119"
"Apr 30, 2026",Skillets - Exact,$99.15,$479.14,95,"4,455"
"Apr 30, 2026",Skillets - Broad,$51.37,$126.72,86,"2,705"
"Apr 30, 2026",Knives - Exact,$92.85,$224.67,99,"4,789"
"Apr 30, 2026",Knives - Broad,$54.34,$99.08,62,"2,977"
"Apr 30, 2026",Boards - Exact,$39.33,$159.78,41,"1,244"
"Apr 30, 2026",Coffee - Exact,$41.04,$177.48,59,"3,176"
"Apr 30, 2026",Coffee - Broad,$31.91,$88.02,30,"1,186"
"Apr 30, 2026",Catalog - Auto,$144.32,$224.00,136,"6,539"
"May 01, 2026",Skillets - Exact,$104.44,$375.26,174,"8,067"
"May 01, 2026",Skillets - Broad,$71.84,$135.80,71,"2,584"
"May 01, 2026",Knives - Exact,$98.14,$358.13,90,"3,942"
"May 01, 2026",Knives - Broad,$62.54,$80.11,61,"2,168"
"May 01, 2026",Boards - Exact,$35.13,$127.30,32,"1,873"
"May 01, 2026",Coffee - Exact,$58.06,$220.43,66,"2,429"
"May 01, 2026",Coffee - Broad,$34.74,$68.31,41,"1,342"
"May 01, 2026",Catalog - Auto,$160.35,$158.46,178,"5,571"
"May 02, 2026",Skillets - Exact,$97.07,$396.64,129,"6,252"
"May 02, 2026",Skillets - Broad,$66.69,$133.79,72,"2,339"
"May 02, 2026",Knives - Exact,$73.20,$287.11,80,"3,665"
"May 02, 2026",Knives - Broad,$72.58,$163.11,122,"5,885"
"May 02, 2026",Boards - Exact,$36.82,$133.33,47,"2,396"
"May 02, 2026",Coffee - Exact,$53.59,$173.49,85,"4,236"
"May 02, 2026",Coffee - Broad,$63.85,$103.07,67,"2,012"
"May 02, 2026",Catalog - Auto,$153.66,$317.04,154,"8,521"
"May 03, 2026",Skillets - Exact,$116.54,$398.49,119,"3,854"
"May 03, 2026",Skillets - Broad,$79.18,$187.82,75,"3,630"
"May 03, 2026",Knives - Exact,$117.17,$405.55,158,"8,100"
"May 03, 2026",Knives - Broad,$55.89,$129.66,85,"4,258"
"May 03, 2026",Boards - Exact,$45.33,$143.34,42,"1,857"
"May 03, 2026",Coffee - Exact,$46.14,$318.60,61,"3,549"
"May 03, 2026",Coffee - Broad,$31.32,$78.92,46,"1,364"
"May 03, 2026",Catalog - Auto,$114.82,$196.47,130,"6,654"
"May 04, 2026",Skillets - Exact,$90.26,$409.46,84,"4,350"
"May 04, 2026",Skillets - Broad,$63.23,$106.01,93,"3,678"
"May 04, 2026",Knives - Exact,$66.32,$295.32,67,"3,953"
"May 04, 2026",Knives - Broad,$74.85,$121.73,82,"2,360"
"May 04, 2026",Boards - Exact,$47.87,$191.21,50,"1,634"
"May 04, 2026",Coffee - Exact,$45.63,$206.94,44,"1,933"
"May 04, 2026",Coffee - Broad,$31.09,$76.18,47,"2,004"
"May 04, 2026",Catalog - Auto,$108.90,$154.17,170,"8,423"
"May 05, 2026",Skillets - Exact,$78.22,$261.59,99,"2,924"
"May 05, 2026",Skillets - Broad,$54.61,$125.37,72,"3,766"
"May 05, 2026",Knives - Exact,$76.43,$214.81,129,"6,670"
"May 05, 2026",Knives - Broad,$63.86,$154.53,62,"2,289"
"May 05, 2026",Boards - Exact,$35.35,$117.76,41,"1,676"
"May 05, 2026",Coffee - Exact,$67.29,$294.01,71,"2,906"
"May 05, 2026",Coffee - Broad,$32.16,$88.89,56,"3,284"
"May 05, 2026",Catalog - Auto,$133.44,$229.35,241,"13,356"
"May 06, 2026",Skillets - Exact,$72.68,$464.54,114,"4,826"
"May 06, 2026",Skillets - Broad,$54.48,$94.92,93,"4,240"
"May 06, 2026",Knives - Exact,$78.01,$382.70,99,"3,257"
"May 06, 2026",Knives - Broad,$38.82,$92.72,63,"3,735"
"May 06, 2026",Boards - Exact,$38.03,$130.88,61,"3,182"
"May 06, 2026",Coffee - Exact,$41.73,$186.58,47,"2,539"
"May 06, 2026",Coffee - Broad,$36.07,$64.72,36,"1,010"
"May 06, 2026",Catalog - Auto,$86.84,$169.91,145,"7,986"
"May 07, 2026",Skillets - Exact,$87.44,$522.43,79,"3,431"
"May 07, 2026",Skillets - Broad,$42.14,$98.59,42,"1,499"
"May 07, 2026",Knives - Exact,$73.42,$352.65,68,"2,553"
"May 07, 2026",Knives - Broad,$47.43,$145.87,73,"2,224"
"May 07, 2026",Boards - Exact,$51.91,$170.28,79,"3,785"
"May 07, 2026",Coffee - Exact,$49.02,$187.62,64,"2,972"
"May 07, 2026",Coffee - Broad,$29.57,$68.22,29,"1,429"
"May 07, 2026",Catalog - Auto,$112.51,$239.97,180,"10,550"
"May 08, 2026",Skillets - Exact,$92.09,$266.22,164,"7,762"
"May 08, 2026",Skillets - Broad,$48.97,$81.94,82,"2,938"
"May 08, 2026",Knives - Exact,$69.98,$321.19,73,"2,726"
"May 08, 2026",Knives - Broad,$40.40,$90.17,58,"2,834"
"May 08, 2026",Boards - Exact,$34.07,$173.72,45,"2,332"
"May 08, 2026",Coffee - Exact,$36.68,$138.41,37,"1,163"
"May 08, 2026",Coffee - Broad,$51.84,$94.59,55,"2,974"
"May 08, 2026",Catalog - Auto,$100.80,$176.38,110,"3,867"
"May 09, 2026",Skillets - Exact,$88.30,$336.02,132,"5,282"
"May 09, 2026",Skillets - Broad,$45.68,$115.62,67,"2,135"
"May 09, 2026",Knives - Exact,$77.88,$282.12,118,"5,601"
"May 09, 2026",Knives - Broad,$43.13,$97.10,74,"3,028"
"May 09, 2026",Boards - Exact,$41.10,$220.54,44,"2,262"
"May 09, 2026",Coffee - Exact,$34.22,$115.77,36,"1,073"
"May 09, 2026",Coffee - Broad,$34.34,$83.01,47,"1,890"
"May 09, 2026",Catalog - Auto,$111.89,$217.10,103,"3,459"
"May 10, 2026",Skillets - Exact,$91.46,$355.20,118,"6,643"
"May 10, 2026",Skillets - Broad,$74.19,$149.94,87,"3,685"
"May 10, 2026",Knives - Exact,$67.03,$313.64,63,"2,764"
"May 10, 2026",Knives - Broad,$57.85,$132.45,58,"2,041"
"May 10, 2026",Boards - Exact,$43.49,$202.09,42,"1,188"
"May 10, 2026",Coffee - Exact,$31.63,$161.82,31,"1,825"
"May 10, 2026",Coffee - Broad,$37.93,$132.47,58,"2,811"
"May 10, 2026",Catalog - Auto,$83.94,$173.80,83,"3,359"
"May 11, 2026",Skillets - Exact,$82.54,$372.14,119,"5,991"
"May 11, 2026",Skillets - Broad,$33.19,$104.68,54,"1,676"
"May 11, 2026",Knives - Exact,$75.00,$421.59,89,"3,917"
"May 11, 2026",Knives - Broad,$46.91,$113.49,80,"4,610"
"May 11, 2026",Boards - Exact,$28.36,$140.23,51,"2,711"
"May 11, 2026",Coffee - Exact,$35.30,$167.28,38,"1,368"
"May 11, 2026",Coffee - Broad,$22.37,$46.88,22,"1,223"
"May 11, 2026",Catalog - Auto,$115.69,$282.81,169,"5,395"
"May 12, 2026",Skillets - Exact,$83.29,$396.80,123,"6,853"
"May 12, 2026",Skillets - Broad,$34.70,$93.17,60,"3,437"
"May 12, 2026",Knives - Exact,$80.10,$300.51,144,"8,168"
"May 12, 2026",Knives - Broad,$37.83,$88.12,41,"2,193"
"May 12, 2026",Boards - Exact,$40.09,$178.64,59,"2,034"
"May 12, 2026",Coffee - Exact,$28.06,$129.71,31,"1,571"
"May 12, 2026",Coffee - Broad,$25.86,$74.76,35,"1,942"
"May 12, 2026",Catalog - Auto,$130.74,$206.04,125,"4,511"
"May 13, 2026",Skillets - Exact,$95.59,$311.18,111,"4,575"
"May 13, 2026",Skillets - Broad,$35.70,$98.30,53,"2,390"
"May 13, 2026",Knives - Exact,$75.49,$334.90,125,"7,387"
"May 13, 2026",Knives - Broad,$43.60,$98.56,44,"1,948"
"May 13, 2026",Boards - Exact,$44.93,$147.76,54,"1,866"
"May 13, 2026",Coffee - Exact,$36.99,$173.62,52,"1,910"
"May 13, 2026",Coffee - Broad,$26.88,$59.77,25,883
"May 13, 2026",Catalog - Auto,$116.10,$151.34,161,"4,691"
"May 14, 2026",Skillets - Exact,$88.56,$237.16,98,"4,465"
"May 14, 2026",Skillets - Broad,$50.96,$176.01,51,"2,222"
"May 14, 2026",Knives - Exact,$70.86,$249.64,73,"2,358"
"May 14, 2026",Knives - Broad,$49.58,$89.01,61,"2,587"
"May 14, 2026",Boards - Exact,$32.79,$104.45,58,"1,643"
"May 14, 2026",Coffee - Exact,$27.85,$240.65,42,"1,893"
"May 14, 2026",Coffee - Broad,$32.52,$116.98,29,"1,124"
"May 14, 2026",Catalog - Auto,$101.49,$120.78,107,"5,874"
"May 15, 2026",Skillets - Exact,$64.67,$288.17,91,"2,583"
"May 15, 2026",Skillets - Broad,$65.13,$178.77,73,"4,284"
"May 15, 2026",Knives - Exact,$81.62,$257.01,110,"4,259"
"May 15, 2026",Knives - Broad,$42.76,$134.56,56,"1,819"
"May 15, 2026",Boards - Exact,$38.63,$185.31,53,"1,764"
"May 15, 2026",Coffee - Exact,$22.64,$124.47,23,"1,167"
"May 15, 2026",Coffee - Broad,$33.17,$71.57,46,"1,519"
"May 15, 2026",Catalog - Auto,$100.12,$140.76,154,"5,883"
"May 16, 2026",Skillets - Exact,$52.93,$247.95,92,"3,052"
"May 16, 2026",Skillets - Broad,$43.40,$179.50,48,"2,561"
"May 16, 2026",Knives - Exact,$61.32,$320.28,95,"3,526"
"May 16, 2026",Knives - Broad,$43.83,$72.88,65,"2,089"
"May 16, 2026",Boards - Exact,$30.10,$147.16,29,"1,416"
"May 16, 2026",Coffee - Exact,$28.12,$129.71,29,915
"May 16, 2026",Coffee - Broad,$18.82,$60.37,21,939
"May 16, 2026",Catalog - Auto,$110.87,$202.90,134,"6,427"
"May 17, 2026",Skillets - Exact,$64.41,$206.74,79,"3,821"
"May 17, 2026",Skillets - Broad,$53.32,$148.39,56,"1,570"
"May 17, 2026",Knives - Exact,$55.67,$191.04,71,"3,895"
"May 17, 2026",Knives - Broad,$32.58,$92.38,42,"2,165"
"May 17, 2026",Boards - Exact,$24.19,$110.04,29,"1,566"
"May 17, 2026",Coffee - Exact,$32.66,$171.80,30,"1,221"
"May 17, 2026",Coffee - Broad,$24.13,$47.93,39,"1,747"
"May 17, 2026",Catalog - Auto,$94.50,$197.66,95,"3,174"
"May 18, 2026",Skillets - Exact,$52.90,$286.69,81,"4,129"
"May 18, 2026",Skillets - Broad,$60.59,$139.89,89,"2,869"
"May 18, 2026",Knives - Exact,$61.76,$240.68,62,"3,119"
"May 18, 2026",Knives - Broad,$41.15,$97.02,49,"2,418"
"May 18, 2026",Boards - Exact,$26.62,$125.84,29,"1,618"
"May 18, 2026",Coffee - Exact,$34.99,$166.73,32,"1,039"
"May 18, 2026",Coffee - Broad,$18.12,$72.33,18,"1,043"
"May 18, 2026",Catalog - Auto,$80.26,$166.20,113,"4,346"
"May 19, 2026",Skillets - Exact,$83.31,$227.42,111,"4,434"
"May 19, 2026",Skillets - Broad,$40.51,$158.27,39,"1,105"
"May 19, 2026",Knives - Exact,$51.48,$219.50,60,"2,545"
"May 19, 2026",Knives - Broad,$33.79,$127.07,50,"1,545"
"May 19, 2026",Boards - Exact,$30.51,$139.02,42,"1,191"
"May 19, 2026",Coffee - Exact,$38.31,$242.46,50,"2,807"
"May 19, 2026",Coffee - Broad,$33.91,$71.37,33,"1,512"
"May 19, 2026",Catalog - Auto,$111.78,$210.01,120,"4,751"
"May 20, 2026",Skillets - Exact,$55.32,$258.40,55,"2,106"
"May 20, 2026",Skillets - Broad,$45.55,$112.17,43,"1,216"
"May 20, 2026",Knives - Exact,$62.54,$285.99,67,"2,897"
"May 20, 2026",Knives - Broad,$39.27,$91.00,53,"2,080"
"May 20, 2026",Boards - Exact,$43.55,$132.44,44,"1,680"
"May 20, 2026",Coffee - Exact,$39.36,$148.13,45,"1,800"
"May 20, 2026",Coffee - Broad,$26.35,$49.12,24,"1,368"
"May 20, 2026",Catalog - Auto,$100.12,$190.78,158,"6,971"
"May 21, 2026",Skillets - Exact,$83.04,$322.30,126,"4,415"
"May 21, 2026",Skillets - Broad,$41.31,$85.92,43,"1,573"
"May 21, 2026",Knives - Exact,$56.98,$153.51,64,"2,228"
"May 21, 2026",Knives - Broad,$34.67,$90.79,57,"2,654"
"May 21, 2026",Boards - Exact,$36.72,$79.62,54,"3,151"
"May 21, 2026",Coffee - Exact,$53.69,$163.44,66,"1,849"
"May 21, 2026",Coffee - Broad,$24.60,$76.23,26,"1,251"
"May 21, 2026",Catalog - Auto,$88.53,$188.32,90,"3,733"
"May 22, 2026",Skillets - Exact,$87.56,$459.10,101,"4,481"
"May 22, 2026",Skillets - Broad,$32.77,$96.40,43,"1,217"
"May 22, 2026",Knives - Exact,$51.79,$230.26,60,"3,032"
"May 22, 2026",Knives - Broad,$47.24,$92.15,85,"2,542"
"May 22, 2026",Boards - Exact,$36.31,$173.31,38,"1,870"
"May 22, 2026",Coffee - Exact,$44.49,$189.71,46,"2,374"
"May 22, 2026",Coffee - Broad,$29.54,$64.41,39,"1,750"
"May 22, 2026",Catalog - Auto,$94.62,$224.05,134,"7,103"
"May 23, 2026",Skillets - Exact,$86.43,$249.66,112,"4,209"
"May 23, 2026",Skillets - Broad,$49.32,$177.22,67,"2,548"
"May 23, 2026",Knives - Exact,$67.92,$331.07,88,"2,570"
"May 23, 2026",Knives - Broad,$43.86,$91.08,40,"2,285"
"May 23, 2026",Boards - Exact,$36.67,$113.28,51,"2,878"
"May 23, 2026",Coffee - Exact,$37.90,$156.15,36,"1,972"
"May 23, 2026",Coffee - Broad,$23.93,$60.85,34,"1,279"
"May 23, 2026",Catalog - Auto,$103.46,$198.41,145,"7,728"
"May 24, 2026",Skillets - Exact,$108.69,$337.52,106,"5,016"
"May 24, 2026",Skillets - Broad,$43.60,$95.95,69,"3,575"
"May 24, 2026",Knives - Exact,$79.21,$336.37,72,"3,563"
"May 24, 2026",Knives - Broad,$29.03,$106.33,26,894
"May 24, 2026",Boards - Exact,$34.75,$138.44,33,"1,451"
"May 24, 2026",Coffee - Exact,$35.63,$187.76,36,"1,983"
"May 24, 2026",Coffee - Broad,$21.39,$50.65,23,"1,188"
"May 24, 2026",Catalog - Auto,$104.99,$156.46,96,"3,441"
"May 25, 2026",Skillets - Exact,$59.30,$224.29,69,"3,851"
"May 25, 2026",Skillets - Broad,$42.20,$120.50,68,"3,434"
"May 25, 2026",Knives - Exact,$62.68,$281.75,76,"3,520"
"May 25, 2026",Knives - Broad,$25.25,$113.17,24,938
"May 25, 2026",Boards - Exact,$33.03,$97.53,42,"2,261"
"May 25, 2026",Coffee - Exact,$37.24,$136.65,42,"1,469"
"May 25, 2026",Coffee - Broad,$26.93,$47.44,41,"1,635"
"May 25, 2026",Catalog - Auto,$95.24,$183.84,93,"4,258"
"May 26, 2026",Skillets - Exact,$78.78,$411.70,74,"3,503"
"May 26, 2026",Skillets - Broad,$46.52,$101.46,49,"2,583"
"May 26, 2026",Knives - Exact,$45.84,$228.83,42,"1,702"
"May 26, 2026",Knives - Broad,$31.77,$82.02,36,"1,422"
"May 26, 2026",Boards - Exact,$27.12,$117.47,33,"1,516"
"May 26, 2026",Coffee - Exact,$32.66,$171.01,35,"1,524"
"May 26, 2026",Coffee - Broad,$30.03,$59.81,31,"1,685"
"May 26, 2026",Catalog - Auto,$93.26,$145.33,100,"3,047"
"May 27, 2026",Skillets - Exact,$62.47,$247.81,79,"3,471"
"May 27, 2026",Skillets - Broad,$67.61,$175.33,120,"3,788"
"May 27, 2026",Knives - Exact,$52.06,$154.65,53,"2,443"
"May 27, 2026",Knives - Broad,$41.01,$107.27,73,"3,637"
"May 27, 2026",Boards - Exact,$39.16,$159.17,39,"2,045"
"May 27, 2026",Coffee - Exact,$34.16,$140.48,38,"1,238"
"May 27, 2026",Coffee - Broad,$30.93,$65.15,29,"1,347"
"May 27, 2026",Catalog - Auto,$117.11,$209.33,147,"4,371"
"May 28, 2026",Skillets - Exact,$85.85,$335.17,86,"4,960"
"May 28, 2026",Skillets - Broad,$47.54,$123.96,54,"1,875"
"May 28, 2026",Knives - Exact,$55.18,$216.88,79,"3,493"
"May 28, 2026",Knives - Broad,$40.01,$101.39,47,"1,782"
"May 28, 2026",Boards - Exact,$30.09,$164.30,50,"1,429"
"May 28, 2026",Coffee - Exact,$35.86,$165.75,54,"2,244"
"May 28, 2026",Coffee - Broad,$28.73,$91.97,35,"1,105"
"May 28, 2026",Catalog - Auto,$95.85,$214.29,108,"3,038"
"May 29, 2026",Skillets - Exact,$83.68,$310.78,101,"3,790"
"May 29, 2026",Skillets - Broad,$60.26,$122.75,57,"2,364"
"May 29, 2026",Knives - Exact,$60.65,$252.05,55,"2,629"
"May 29, 2026",Knives - Broad,$52.70,$108.06,51,"1,565"
"May 29, 2026",Boards - Exact,$30.75,$124.34,37,"2,096"
"May 29, 2026",Coffee - Exact,$38.92,$121.38,51,"2,701"
"May 29, 2026",Coffee - Broad,$32.09,$83.25,41,"1,969"
"May 29, 2026",Catalog - Auto,$77.23,$170.67,138,"6,977"
"May 30, 2026",Skillets - Exact,$86.31,$280.27,113,"3,886"
"May 30, 2026",Skillets - Broad,$61.80,$148.46,90,"4,171"
"May 30, 2026",Knives - Exact,$72.69,$386.92,94,"2,833"
"May 30, 2026",Knives - Broad,$53.96,$131.36,81,"4,591"
"May 30, 2026",Boards - Exact,$45.40,$187.80,45,"2,190"
"May 30, 2026",Coffee - Exact,$39.75,$156.96,64,"1,934"
"May 30, 2026",Coffee - Broad,$20.26,$58.93,29,"1,230"
"May 30, 2026",Catalog - Auto,$124.76,$177.05,119,"6,640"
"May 31, 2026",Skillets - Exact,$106.36,$445.46,116,"6,111"
"May 31, 2026",Skillets - Broad,$84.27,$213.40,130,"6,205"
"May 31, 2026",Knives - Exact,$78.99,$296.85,90,"2,764"
"May 31, 2026",Knives - Broad,$44.08,$122.81,51,"2,705"
"May 31, 2026",Boards - Exact,$42.13,$143.00,39,"1,306"
"May 31, 2026",Coffee - Exact,$51.99,$178.91,59,"3,449"
"May 31, 2026",Coffee - Broad,$27.85,$37.49,34,"1,927"
"May 31, 2026",Catalog - Auto,$97.32,$156.39,107,"3,371"
"Jun 01, 2026",Skillets - Exact,$92.12,$476.26,157,"6,128"
"Jun 01, 2026",Skillets - Broad,$55.32,$155.91,74,"3,706"
"Jun 01, 2026",Knives - Exact,$68.68,$286.39,63,"3,629"
"Jun 01, 2026",Knives - Broad,$38.07,$83.56,39,"1,395"
"Jun 01, 2026",Boards - Exact,$47.59,$127.70,62,"2,840"
"Jun 01, 2026",Coffee - Exact,$49.39,$164.13,73,"4,212"
"Jun 01, 2026",Coffee - Broad,$35.02,$79.31,33,"1,340"
"Jun 01, 2026",Catalog - Auto,$140.62,$179.29,138,"5,349"
"Jun 02, 2026",Skillets - Exact,$93.36,$419.55,142,"6,834"
"Jun 02, 2026",Skillets - Broad,$57.35,$169.19,56,"2,150"
"Jun 02, 2026",Knives - Exact,$59.84,$337.12,71,"2,950"
"Jun 02, 2026",Knives - Broad,$46.60,$135.81,50,"2,638"
"Jun 02, 2026",Boards - Exact,$45.39,$172.33,75,"3,964"
"Jun 02, 2026",Coffee - Exact,$47.42,$176.51,58,"2,424"
"Jun 02, 2026",Coffee - Broad,$30.30,$106.62,27,876
"Jun 02, 2026",Catalog - Auto,$104.13,$149.79,104,"4,963"
"Jun 03, 2026",Skillets - Exact,$97.17,$311.84,121,"4,270"
"Jun 03, 2026",Skillets - Broad,$57.01,$122.12,54,"2,775"
"Jun 03, 2026",Knives - Exact,$74.92,$364.61,121,"4,834"
"Jun 03, 2026",Knives - Broad,$42.77,$88.87,43,"1,485"
"Jun 03, 2026",Boards - Exact,$54.34,$188.62,86,"4,016"
"Jun 03, 2026",Coffee - Exact,$45.16,$190.44,48,"2,818"
"Jun 03, 2026",Coffee - Broad,$30.43,$121.86,38,"2,168"
"Jun 03, 2026",Catalog - Auto,$101.88,$223.79,110,"3,915"
"Jun 04, 2026",Skillets - Exact,$87.98,$536.49,99,"3,294"
"Jun 04, 2026",Skillets - Broad,$57.14,$97.99,63,"3,046"
"Jun 04, 2026",Knives - Exact,$90.21,$398.69,86,"3,915"
"Jun 04, 2026",Knives - Broad,$44.75,$124.13,44,"2,339"
"Jun 04, 2026",Boards - Exact,$44.15,$166.76,60,"2,636"
"Jun 04, 2026",Coffee - Exact,$38.41,$148.65,56,"2,867"
"Jun 04, 2026",Coffee - Broad,$32.62,$104.90,51,"1,976"
"Jun 04, 2026",Catalog - Auto,$131.75,$190.91,136,"5,793"
"Jun 05, 2026",Skillets - Exact,$123.77,$418.87,132,"7,888"
"Jun 05, 2026",Skillets - Broad,$62.42,$88.79,69,"2,583"
"Jun 05, 2026",Knives - Exact,$71.62,$221.56,118,"4,044"
"Jun 05, 2026",Knives - Broad,$43.37,$91.40,44,"2,568"
"Jun 05, 2026",Boards - Exact,$52.46,$230.04,54,"1,680"
"Jun 05, 2026",Coffee - Exact,$42.32,$112.21,42,"2,270"
"Jun 05, 2026",Coffee - Broad,$31.96,$62.87,37,"2,016"
"Jun 05, 2026",Catalog - Auto,$174.38,$174.84,159,"8,903"
"Jun 06, 2026",Skillets - Exact,$106.11,$329.34,157,"8,297"
"Jun 06, 2026",Skillets - Broad,$59.55,$168.87,67,"3,759"
"Jun 06, 2026",Knives - Exact,$71.06,$298.67,91,"2,962"
"Jun 06, 2026",Knives - Broad,$48.68,$142.44,56,"3,325"
"Jun 06, 2026",Boards - Exact,$55.17,$208.63,59,"3,220"
"Jun 06, 2026",Coffee - Exact,$53.21,$342.33,82,"3,909"
"Jun 06, 2026",Coffee - Broad,$38.67,$85.50,39,"1,114"
"Jun 06, 2026",Catalog - Auto,$144.14,$292.76,204,"5,939"
"Jun 07, 2026",Skillets - Exact,$98.71,$280.16,89,"4,542"
"Jun 07, 2026",Skillets - Broad,$82.62,$187.78,79,"3,525"
"Jun 07, 2026",Knives - Exact,$73.08,$231.41,66,"2,393"
"Jun 07, 2026",Knives - Broad,$66.89,$191.92,87,"4,444"
"Jun 07, 2026",Boards - Exact,$44.74,$128.39,45,"1,300"
"Jun 07, 2026",Coffee - Exact,$45.77,$163.72,54,"2,371"
"Jun 07, 2026",Coffee - Broad,$26.99,$78.08,42,"1,597"
"Jun 07, 2026",Catalog - Auto,$127.73,$244.02,196,"9,532"
"Jun 08, 2026",Skillets - Exact,$130.18,$588.22,159,"9,183"
"Jun 08, 2026",Skillets - Broad,$77.50,$189.54,83,"2,894"
"Jun 08, 2026",Knives - Exact,$59.76,$256.70,83,"2,986"
"Jun 08, 2026",Knives - Broad,$67.35,$146.96,68,"1,977"
"Jun 08, 2026",Boards - Exact,$37.41,$163.96,42,"1,377"
"Jun 08, 2026",Coffee - Exact,$39.45,$163.95,48,"2,487"
"Jun 08, 2026",Coffee - Broad,$35.65,$121.41,39,"1,416"
"Jun 08, 2026",Catalog - Auto,$177.39,$212.35,283,"8,198"
"Jun 09, 2026",Skillets - Exact,$96.39,$389.73,96,"4,295"
"Jun 09, 2026",Skillets - Broad,$79.31,$164.32,92,"3,115"
"Jun 09, 2026",Knives - Exact,$100.00,$276.62,97,"3,032"
"Jun 09, 2026",Knives - Broad,$62.74,$144.51,71,"2,649"
"Jun 09, 2026",Boards - Exact,$39.12,$186.54,36,"1,456"
"Jun 09, 2026",Coffee - Exact,$39.44,$141.46,42,"1,312"
"Jun 09, 2026",Coffee - Broad,$45.28,$57.70,47,"1,715"
"Jun 09, 2026",Catalog - Auto,$191.33,$209.30,315,"10,666"
"Jun 10, 2026",Skillets - Exact,$97.39,$342.38,107,"5,361"
"Jun 10, 2026",Skillets - Broad,$67.75,$206.88,85,"4,448"
"Jun 10, 2026",Knives - Exact,$91.04,$372.90,98,"3,778"
"Jun 10, 2026",Knives - Broad,$76.27,$205.08,81,"2,584"
"Jun 10, 2026",Boards - Exact,$39.13,$141.84,43,"1,540"
"Jun 10, 2026",Coffee - Exact,$57.98,$270.28,55,"2,784"
"Jun 10, 2026",Coffee - Broad,$34.48,$86.93,41,"1,742"
"Jun 10, 2026",Catalog - Auto,$158.51,$306.29,167,"9,464"
"Jun 11, 2026",Skillets - Exact,$105.45,$382.09,113,"5,604"
"Jun 11, 2026",Skillets - Broad,$96.01,$212.98,99,"3,722"
"Jun 11, 2026",Knives - Exact,$66.27,$361.89,95,"2,761"
"Jun 11, 2026",Knives - Broad,$66.37,$107.09,61,"2,596"
"Jun 11, 2026",Boards - Exact,$50.29,$156.71,72,"4,310"
"Jun 11, 2026",Coffee - Exact,$63.70,$156.34,77,"2,982"
"Jun 11, 2026",Coffee - Broad,$39.29,$67.89,38,"1,997"
"Jun 11, 2026",Catalog - Auto,$174.56,$283.99,258,"11,525"
"Jun 12, 2026",Skillets - Exact,$200.17,$583.11,343,"12,805"
"Jun 12, 2026",Skillets - Broad,$104.01,$245.60,129,"6,434"
"Jun 12, 2026",Knives - Exact,$114.95,$314.65,118,"3,390"
"Jun 12, 2026",Knives - Broad,$76.30,$164.71,105,"4,294"
"Jun 12, 2026",Boards - Exact,$35.75,$86.48,60,"2,981"
"Jun 12, 2026",Coffee - Exact,$52.03,$228.58,49,"2,486"
"Jun 12, 2026",Coffee - Broad,$57.87,$125.32,63,"3,642"
"Jun 12, 2026",Catalog - Auto,$116.04,$245.00,130,"6,980"
"Jun 13, 2026",Skillets - Exact,$115.71,$347.64,127,"6,471"
"Jun 13, 2026",Skillets - Broad,$93.20,$163.74,143,"6,557"
"Jun 13, 2026",Knives - Exact,$105.23,$339.80,140,"5,075"
"Jun 13, 2026",Knives - Broad,$65.06,$171.94,78,"3,155"
"Jun 13, 2026",Boards - Exact,$69.84,$218.60,66,"3,241"
"Jun 13, 2026",Coffee - Exact,$62.40,$154.70,77,"4,465"
"Jun 13, 2026",Coffee - Broad,$37.07,$112.07,37,"1,583"
"Jun 13, 2026",Catalog - Auto,$194.21,$271.55,182,"7,213"
"Jun 14, 2026",Skillets - Exact,$118.63,$495.44,109,"6,357"
"Jun 14, 2026",Skillets - Broad,$64.81,$121.51,59,"2,064"
"Jun 14, 2026",Knives - Exact,$84.83,$196.33,91,"4,110"
"Jun 14, 2026",Knives - Broad,$59.89,$137.48,56,"2,648"
"Jun 14, 2026",Boards - Exact,$52.38,$207.78,50,"2,861"
"Jun 14, 2026",Coffee - Exact,$60.34,$170.17,85,"3,607"
"Jun 14, 2026",Coffee - Broad,$51.30,$114.10,59,"2,290"
"Jun 14, 2026",Catalog - Auto,$137.77,$230.22,219,"11,118"
"Jun 15, 2026",Skillets - Exact,$95.33,$231.17,86,"3,123"
"Jun 15, 2026",Skillets - Broad,$75.65,$278.72,80,"3,676"
"Jun 15, 2026",Knives - Exact,$96.54,$246.58,96,"3,762"
"Jun 15, 2026",Knives - Broad,$58.53,$125.15,55,"2,953"
"Jun 15, 2026",Boards - Exact,$46.61,$171.23,43,"2,225"
"Jun 15, 2026",Coffee - Exact,$42.66,$194.19,47,"1,826"
"Jun 15, 2026",Coffee - Broad,$41.43,$69.29,40,"1,978"
"Jun 15, 2026",Catalog - Auto,$169.40,$318.96,196,"8,729"
"Jun 16, 2026",Skillets - Exact,$129.48,$454.90,139,"5,808"
"Jun 16, 2026",Skillets - Broad,$85.86,$162.61,88,"3,147"
"Jun 16, 2026",Knives - Exact,$106.33,$390.15,105,"4,599"
"Jun 16, 2026",Knives - Broad,$80.04,$156.99,115,"6,882"
"Jun 16, 2026",Boards - Exact,$45.49,$124.73,43,"1,917"
"Jun 16, 2026",Coffee - Exact,$45.10,$194.54,44,"2,590"
"Jun 16, 2026",Coffee - Broad,$50.53,$59.03,71,"3,376"
"Jun 16, 2026",Catalog - Auto,$141.70,$229.20,177,"7,050"
"Jun 17, 2026",Skillets - Exact,$118.83,$426.47,158,"8,833"
"Jun 17, 2026",Skillets - Broad,$72.61,$132.97,75,"2,617"
"Jun 17, 2026",Knives - Exact,$94.80,$297.79,159,"6,562"
"Jun 17, 2026",Knives - Broad,$56.19,$96.18,79,"2,773"
"Jun 17, 2026",Boards - Exact,$43.38,$168.12,55,"2,275"
"Jun 17, 2026",Coffee - Exact,$54.66,$315.63,88,"4,919"
"Jun 17, 2026",Coffee - Broad,$35.69,$65.85,49,"1,502"
"Jun 17, 2026",Catalog - Auto,$157.08,$371.66,162,"7,943"
"Jun 18, 2026",Skillets - Exact,$128.59,$387.99,136,"5,163"
"Jun 18, 2026",Skillets - Broad,$98.81,$173.50,112,"6,244"
"Jun 18, 2026",Knives - Exact,$79.75,$275.21,117,"5,815"
"Jun 18, 2026",Knives - Broad,$55.75,$150.40,96,"4,753"
"Jun 18, 2026",Boards - Exact,$45.71,$159.38,44,"1,365"
"Jun 18, 2026",Coffee - Exact,$49.20,$143.47,47,"1,576"
"Jun 18, 2026",Coffee - Broad,$43.56,$124.76,55,"2,177"
"Jun 18, 2026",Catalog - Auto,$148.20,$218.17,243,"10,109"
"Jun 19, 2026",Skillets - Exact,$119.12,$486.01,158,"6,664"
"Jun 19, 2026",Skillets - Broad,$80.23,$178.89,94,"4,667"
"Jun 19, 2026",Knives - Exact,$135.66,$329.16,187,"7,356"
"Jun 19, 2026",Knives - Broad,$68.62,$95.28,69,"2,463"
"Jun 19, 2026",Boards - Exact,$47.55,$206.84,43,"2,279"
"Jun 19, 2026",Coffee - Exact,$50.85,$265.78,48,"2,080"
"Jun 19, 2026",Coffee - Broad,$38.42,$122.57,54,"2,751"
"Jun 19, 2026",Catalog - Auto,$142.54,$214.16,154,"4,920"
"Jun 20, 2026",Skillets - Exact,$102.54,$520.94,110,"3,570"
"Jun 20, 2026",Skillets - Broad,$78.78,$279.47,81,"2,787"
"Jun 20, 2026",Knives - Exact,$83.66,$294.15,81,"2,747"
"Jun 20, 2026",Knives - Broad,$58.26,$157.93,61,"2,196"
"Jun 20, 2026",Boards - Exact,$55.79,$158.40,63,"1,782"
"Jun 20, 2026",Coffee - Exact,$53.78,$124.94,54,"1,636"
"Jun 20, 2026",Coffee - Broad,$56.89,$125.78,52,"2,422"
"Jun 20, 2026",Catalog - Auto,$145.22,$298.45,155,"8,907"
"Jun 21, 2026",Skillets - Exact,$131.00,$474.53,234,"11,188"
"Jun 21, 2026",Skillets - Broad,$104.78,$235.28,136,"7,899"
"Jun 21, 2026",Knives - Exact,$92.97,$344.74,120,"3,810"
"Jun 21, 2026",Knives - Broad,$52.03,$87.70,57,"2,710"
"Jun 21, 2026",Boards - Exact,$45.91,$150.46,71,"2,211"
"Jun 21, 2026",Coffee - Exact,$38.69,$261.32,42,"1,416"
"Jun 21, 2026",Coffee - Broad,$31.92,$96.61,38,"1,849"
"Jun 21, 2026",Catalog - Auto,$103.89,$188.41,116,"6,120"
"Jun 22, 2026",Skillets - Exact,$140.22,$597.81,220,"6,805"
"Jun 22, 2026",Skillets - Broad,$75.87,$169.45,90,"4,734"
"Jun 22, 2026",Knives - Exact,$56.87,$235.32,96,"4,165"
"Jun 22, 2026",Knives - Broad,$78.79,$188.92,110,"5,606"
"Jun 22, 2026",Boards - Exact,$42.74,$246.85,73,"4,366"
"Jun 22, 2026",Coffee - Exact,$65.34,$305.05,68,"3,192"
"Jun 22, 2026",Coffee - Broad,$50.54,$104.37,52,"1,684"
"Jun 22, 2026",Catalog - Auto,$162.82,$237.73,179,"9,719"
"Jun 23, 2026",Skillets - Exact,$93.49,$543.01,114,"4,105"
"Jun 23, 2026",Skillets - Broad,$78.10,$137.52,79,"2,819"
"Jun 23, 2026",Knives - Exact,$68.39,$304.36,118,"4,170"
"Jun 23, 2026",Knives - Broad,$78.52,$244.62,112,"5,145"
"Jun 23, 2026",Boards - Exact,$48.19,$150.90,68,"2,039"
"Jun 23, 2026",Coffee - Exact,$55.68,$163.58,60,"1,775"
"Jun 23, 2026",Coffee - Broad,$34.51,$87.24,47,"2,757"
"Jun 23, 2026",Catalog - Auto,$123.06,$181.33,165,"5,330"
"Jun 24, 2026",Skillets - Exact,$110.80,$387.43,154,"4,764"
"Jun 24, 2026",Skillets - Broad,$89.28,$186.48,150,"8,341"
"Jun 24, 2026",Knives - Exact,$103.41,$321.20,97,"4,063"
"Jun 24, 2026",Knives - Broad,$74.12,$208.77,98,"3,257"
"Jun 24, 2026",Boards - Exact,$53.78,$329.98,52,"2,670"
"Jun 24, 2026",Coffee - Exact,$52.87,$146.34,58,"2,552"
"Jun 24, 2026",Coffee - Broad,$32.67,$84.30,32,"1,690"
"Jun 24, 2026",Catalog - Auto,$128.21,$204.40,124,"3,515"
"Jun 25, 2026",Skillets - Exact,$132.17,$476.86,151,"6,938"
"Jun 25, 2026",Skillets - Broad,$73.94,$211.23,109,"4,268"
"Jun 25, 2026",Knives - Exact,$89.13,$383.11,129,"5,063"
"Jun 25, 2026",Knives - Broad,$46.53,$111.46,45,"1,475"
"Jun 25, 2026",Boards - Exact,$39.28,$167.10,68,"3,710"
"Jun 25, 2026",Coffee - Exact,$75.59,$303.49,70,"2,885"
"Jun 25, 2026",Coffee - Broad,$36.71,$118.80,64,"2,293"
"Jun 25, 2026",Catalog - Auto,$214.64,$302.64,320,"15,235"
"Jun 26, 2026",Skillets - Exact,$115.36,$486.58,175,"8,801"
"Jun 26, 2026",Skillets - Broad,$73.98,$226.09,127,"5,285"
"Jun 26, 2026",Knives - Exact,$106.31,$326.71,136,"3,984"
"Jun 26, 2026",Knives - Broad,$54.71,$88.37,85,"3,791"
"Jun 26, 2026",Boards - Exact,$46.82,$219.77,76,"4,135"
"Jun 26, 2026",Coffee - Exact,$59.82,$200.92,83,"3,991"
"Jun 26, 2026",Coffee - Broad,$42.29,$110.67,42,"2,025"
"Jun 26, 2026",Catalog - Auto,$156.78,$315.73,198,"6,360"
"Jun 27, 2026",Skillets - Exact,$89.33,$291.74,152,"8,625"
"Jun 27, 2026",Skillets - Broad,$75.57,$122.48,106,"5,169"
"Jun 27, 2026",Knives - Exact,$71.01,$309.49,84,"3,249"
"Jun 27, 2026",Knives - Broad,$54.68,$136.15,58,"1,936"
"Jun 27, 2026",Boards - Exact,$47.87,$146.04,59,"2,978"
"Jun 27, 2026",Coffee - Exact,$46.04,$132.06,49,"2,687"
"Jun 27, 2026",Coffee - Broad,$29.05,$68.77,26,"1,382"
"Jun 27, 2026",Catalog - Auto,$124.61,$200.45,193,"9,198"
"Jun 28, 2026",Skillets - Exact,$92.14,$304.01,122,"5,418"
"Jun 28, 2026",Skillets - Broad,$52.19,$120.02,88,"4,772"
"Jun 28, 2026",Knives - Exact,$74.42,$316.03,77,"4,050"
"Jun 28, 2026",Knives - Broad,$54.16,$95.28,50,"2,555"
"Jun 28, 2026",Boards - Exact,$50.83,$174.26,82,"2,499"
"Jun 28, 2026",Coffee - Exact,$59.80,$148.15,93,"2,825"
"Jun 28, 2026",Coffee - Broad,$38.09,$87.64,66,"3,371"
"Jun 28, 2026",Catalog - Auto,$117.42,$214.89,138,"5,352"
"Jun 29, 2026",Skillets - Exact,$86.41,$349.24,84,"3,216"
"Jun 29, 2026",Skillets - Broad,$63.06,$139.39,109,"4,032"
"Jun 29, 2026",Knives - Exact,$75.39,$274.86,109,"5,459"
"Jun 29, 2026",Knives - Broad,$46.61,$95.45,43,"1,709"
"Jun 29, 2026",Boards - Exact,$37.60,$115.42,55,"1,634"
"Jun 29, 2026",Coffee - Exact,$42.75,$166.76,52,"2,162"
"Jun 29, 2026",Coffee - Broad,$36.09,$76.30,35,"1,802"
"Jun 29, 2026",Catalog - Auto,$117.39,$160.11,117,"6,110"
"Jun 30, 2026",Skillets - Exact,$101.77,$278.97,178,"5,449"
"Jun 30, 2026",Skillets - Broad,$76.10,$179.37,120,"6,651"
"Jun 30, 2026",Knives - Exact,$73.37,$228.07,82,"3,934"
"Jun 30, 2026",Knives - Broad,$69.08,$117.80,98,"4,372"
"Jun 30, 2026",Boards - Exact,$50.89,$135.14,75,"3,868"
"Jun 30, 2026",Coffee - Exact,$48.72,$202.01,86,"2,877"
"Jun 30, 2026",Coffee - Broad,$26.30,$57.19,47,"2,802"
"Jun 30, 2026",Catalog - Auto,$116.97,$184.15,140,"6,249"
"Jul 01, 2026",Skillets - Exact,$81.39,$222.73,78,"2,937"
"Jul 01, 2026",Skillets - Broad,$50.41,$131.87,49,"1,852"
"Jul 01, 2026",Knives - Exact,$72.09,$176.67,82,"2,619"
"Jul 01, 2026",Knives - Broad,$51.39,$100.60,47,"1,964"
"Jul 01, 2026",Boards - Exact,$45.42,$214.36,58,"1,726"
"Jul 01, 2026",Coffee - Exact,$33.80,$135.87,32,"1,707"
"Jul 01, 2026",Coffee - Broad,$31.89,$82.18,32,"1,513"
"Jul 01, 2026",Catalog - Auto,$121.92,$245.60,128,"4,016"
"Jul 02, 2026",Skillets - Exact,$62.77,$336.50,63,"3,392"
"Jul 02, 2026",Skillets - Broad,$55.57,$122.06,70,"3,857"
"Jul 02, 2026",Knives - Exact,$103.29,$422.61,118,"4,615"
"Jul 02, 2026",Knives - Broad,$47.17,$104.57,75,"4,164"
"Jul 02, 2026",Boards - Exact,$38.89,$118.74,41,"1,714"
"Jul 02, 2026",Coffee - Exact,$58.56,$143.17,61,"2,866"
"Jul 02, 2026",Coffee - Broad,$27.37,$61.52,34,"1,158"
"Jul 02, 2026",Catalog - Auto,$116.21,$166.91,145,"7,463"
"Jul 03, 2026",Skillets - Exact,$106.23,$528.19,105,"6,278"
"Jul 03, 2026",Skillets - Broad,$48.76,$141.14,49,"1,479"
"Jul 03, 2026",Knives - Exact,$60.67,$314.32,66,"3,021"
"Jul 03, 2026",Knives - Broad,$42.83,$111.58,58,"2,334"
"Jul 03, 2026",Boards - Exact,$24.74,$81.24,25,874
"Jul 03, 2026",Coffee - Exact,$31.82,$106.77,40,"1,423"
"Jul 03, 2026",Coffee - Broad,$34.22,$94.54,43,"1,581"
"Jul 03, 2026",Catalog - Auto,$119.76,$175.16,127,"3,919"
"Jul 04, 2026",Skillets - Exact,$104.94,$392.68,151,"9,029"
"Jul 04, 2026",Skillets - Broad,$49.69,$167.83,55,"2,232"
"Jul 04, 2026",Knives - Exact,$61.38,$255.38,103,"4,607"
"Jul 04, 2026",Knives - Broad,$49.86,$126.57,48,"1,566"
"Jul 04, 2026",Boards - Exact,$41.75,$151.45,58,"2,068"
"Jul 04, 2026",Coffee - Exact,$36.03,$192.29,43,"2,131"
"Jul 04, 2026",Coffee - Broad,$36.43,$75.26,54,"3,203"
"Jul 04, 2026",Catalog - Auto,$102.65,$206.58,111,"4,934"
"Jul 05, 2026",Skillets - Exact,$66.62,$279.00,81,"3,592"
"Jul 05, 2026",Skillets - Broad,$52.65,$102.85,50,"2,953"
"Jul 05, 2026",Knives - Exact,$55.18,$305.30,71,"3,371"
"Jul 05, 2026",Knives - Broad,$40.53,$126.85,46,"1,803"
"Jul 05, 2026",Boards - Exact,$31.58,$149.06,40,"1,795"
"Jul 05, 2026",Coffee - Exact,$32.45,$115.48,48,"2,265"
"Jul 05, 2026",Coffee - Broad,$37.16,$77.55,58,"3,469"
"Jul 05, 2026",Catalog - Auto,$99.91,$149.24,139,"5,617"
"Jul 06, 2026",Skillets - Exact,$91.88,$321.83,98,"5,532"
"Jul 06, 2026",Skillets - Broad,$46.57,$157.00,58,"2,808"
"Jul 06, 2026",Knives - Exact,$64.12,$292.33,115,"4,014"
"Jul 06, 2026",Knives - Broad,$36.44,$122.54,43,"1,705"
"Jul 06, 2026",Boards - Exact,$38.18,$132.73,37,"2,175"
"Jul 06, 2026",Coffee - Exact,$48.40,$118.14,73,"2,672"
"Jul 06, 2026",Coffee - Broad,$40.29,$101.24,60,"3,113"
"Jul 06, 2026",Catalog - Auto,$84.96,$173.47,118,"6,498"
"Jul 07, 2026",Skillets - Exact,$93.34,$323.34,93,"5,023"
"Jul 07, 2026",Skillets - Broad,$57.98,$129.57,87,"3,837"
"Jul 07, 2026",Knives - Exact,$82.92,$346.29,99,"3,025"
"Jul 07, 2026",Knives - Broad,$49.55,$130.35,55,"1,636"
"Jul 07, 2026",Boards - Exact,$44.77,$125.69,44,"2,457"
"Jul 07, 2026",Coffee - Exact,$34.55,$95.24,39,"2,319"
"Jul 07, 2026",Coffee - Broad,$25.28,$56.38,28,"1,060"
"Jul 07, 2026",Catalog - Auto,$101.08,$158.80,126,"6,320"
"Jul 08, 2026",Skillets - Exact,$68.06,$227.40,66,"2,645"
"Jul 08, 2026",Skillets - Broad,$40.29,$76.47,39,"2,226"
"Jul 08, 2026",Knives - Exact,$52.84,$178.31,70,"3,558"
"Jul 08, 2026",Knives - Broad,$35.51,$86.32,32,"1,193"
"Jul 08, 2026",Boards - Exact,$33.03,$153.49,46,"1,513"
"Jul 08, 2026",Coffee - Exact,$40.40,$167.20,39,"1,235"
"Jul 08, 2026",Coffee - Broad,$23.71,$70.00,25,"1,237"
"Jul 08, 2026",Catalog - Auto,$80.42,$123.95,112,"5,219"
"Jul 09, 2026",Skillets - Exact,$85.93,$415.04,146,"4,781"
"Jul 09, 2026",Skillets - Broad,$47.54,$150.00,54,"2,816"
"Jul 09, 2026",Knives - Exact,$61.83,$366.40,81,"3,582"
"Jul 09, 2026",Knives - Broad,$44.69,$107.86,66,"1,902"
"Jul 09, 2026",Boards - Exact,$33.05,$205.84,44,"2,568"
"Jul 09, 2026",Coffee - Exact,$42.81,$180.53,49,"2,468"
"Jul 09, 2026",Coffee - Broad,$29.13,$71.73,32,"1,226"
"Jul 09, 2026",Catalog - Auto,$111.68,$212.54,118,"5,666"
"Jul 10, 2026",Skillets - Exact,$71.43,$364.86,77,"3,972"
"Jul 10, 2026",Skillets - Broad,$61.98,$194.97,96,"3,579"
"Jul 10, 2026",Knives - Exact,$63.10,$284.26,67,"3,463"
"Jul 10, 2026",Knives - Broad,$44.55,$90.39,50,"2,229"
"Jul 10, 2026",Boards - Exact,$26.78,$100.37,24,"1,030"
"Jul 10, 2026",Coffee - Exact,$44.12,$229.78,53,"2,713"
"Jul 10, 2026",Coffee - Broad,$29.28,$82.81,50,"2,125"
"Jul 10, 2026",Catalog - Auto,$112.56,$268.53,114,"5,581"
"Jul 11, 2026",Skillets - Exact,$82.38,$290.43,101,"3,415"
"Jul 11, 2026",Skillets - Broad,$46.22,$123.77,69,"3,213"
"Jul 11, 2026",Knives - Exact,$70.91,$266.57,69,"3,092"
"Jul 11, 2026",Knives - Broad,$43.71,$113.31,78,"4,464"
"Jul 11, 2026",Boards - Exact,$36.74,$145.23,43,"1,827"
"Jul 11, 2026",Coffee - Exact,$57.26,$189.82,68,"2,287"
"Jul 11, 2026",Coffee - Broad,$25.19,$67.10,36,"1,432"
"Jul 11, 2026",Catalog - Auto,$104.94,$129.77,144,"5,060"
"Jul 12, 2026",Skillets - Exact,$83.65,$230.83,99,"5,787"
"Jul 12, 2026",Skillets - Broad,$104.36,$265.63,120,"4,710"
"Jul 12, 2026",Knives - Exact,$51.48,$286.88,76,"2,222"
"Jul 12, 2026",Knives - Broad,$30.93,$108.73,56,"2,483"
"Jul 12, 2026",Boards - Exact,$31.52,$104.04,55,"1,625"
"Jul 12, 2026",Coffee - Exact,$27.69,$115.25,27,"1,268"
"Jul 12, 2026",Coffee - Broad,$30.12,$56.31,39,"2,312"
"Jul 12, 2026",Catalog - Auto,$80.15,$173.36,144,"6,274"
"Jul 13, 2026",Skillets - Exact,$77.82,$294.15,121,"4,715"
"Jul 13, 2026",Skillets - Broad,$49.65,$126.28,46,"1,437"
"Jul 13, 2026",Knives - Exact,$71.91,$225.33,102,"3,765"
"Jul 13, 2026",Knives - Broad,$31.26,$58.57,31,"1,270"
"Jul 13, 2026",Boards - Exact,$24.13,$117.43,23,"1,321"
"Jul 13, 2026",Coffee - Exact,$34.50,$98.43,34,"1,817"
"Jul 13, 2026",Coffee - Broad,$28.57,$110.89,36,"1,862"
"Jul 13, 2026",Catalog - Auto,$78.30,$173.11,81,"2,762"
"Jul 14, 2026",Skillets - Exact,$56.78,$246.06,59,"3,004"
"Jul 14, 2026",Skillets - Broad,$45.14,$105.82,51,"1,656"
"Jul 14, 2026",Knives - Exact,$59.43,$263.35,65,"3,683"
"Jul 14, 2026",Knives - Broad,$31.76,$75.94,39,"1,391"
"Jul 14, 2026",Boards - Exact,$24.38,$103.66,27,879
"Jul 14, 2026",Coffee - Exact,$42.54,$157.03,53,"2,934"
"Jul 14, 2026",Coffee - Broad,$36.43,$114.77,33,"1,816"
"Jul 14, 2026",Catalog - Auto,$91.75,$169.77,147,"7,719"
"Jul 15, 2026",Skillets - Exact,$62.79,$347.94,96,"5,004"
"Jul 15, 2026",Skillets - Broad,$38.58,$111.72,63,"3,217"
"Jul 15, 2026",Knives - Exact,$53.16,$250.41,72,"3,801"
"Jul 15, 2026",Knives - Broad,$49.53,$135.37,68,"2,130"
"Jul 15, 2026",Boards - Exact,$27.18,$102.03,33,"1,188"
"Jul 15, 2026",Coffee - Exact,$36.40,$144.43,53,"2,249"
"Jul 15, 2026",Coffee - Broad,$21.52,$70.67,30,944
"Jul 15, 2026",Catalog - Auto,$80.78,$137.08,88,"5,058"
"Jul 16, 2026",Skillets - Exact,$72.15,$223.94,96,"3,131"
"Jul 16, 2026",Skillets - Broad,$53.14,$119.33,68,"3,687"
"Jul 16, 2026",Knives - Exact,$41.74,$215.14,56,"1,703"
"Jul 16, 2026",Knives - Broad,$34.08,$74.99,49,"1,742"
"Jul 16, 2026",Boards - Exact,$29.34,$125.00,36,"2,109"
"Jul 16, 2026",Coffee - Exact,$31.48,$132.35,53,"2,147"
"Jul 16, 2026",Coffee - Broad,$33.26,$137.12,31,"1,448"
"Jul 16, 2026",Catalog - Auto,$127.99,$222.84,160,"6,133"
"Jul 17, 2026",Skillets - Exact,$75.63,$343.20,85,"4,840"
"Jul 17, 2026",Skillets - Broad,$37.01,$75.11,44,"1,506"
"Jul 17, 2026",Knives - Exact,$59.20,$259.08,93,"3,552"
"Jul 17, 2026",Knives - Broad,$45.20,$108.83,53,"2,709"
"Jul 17, 2026",Boards - Exact,$30.25,$165.41,30,"1,726"
"Jul 17, 2026",Coffee - Exact,$31.95,$113.20,34,"1,610"
"Jul 17, 2026",Coffee - Broad,$25.78,$78.12,27,"1,192"
"Jul 17, 2026",Catalog - Auto,$90.84,$215.13,114,"6,559"
"Jul 18, 2026",Skillets - Exact,$63.90,$222.86,60,"2,426"
"Jul 18, 2026",Skillets - Broad,$49.83,$170.94,52,"2,621"
"Jul 18, 2026",Knives - Exact,$67.25,$285.83,85,"2,838"
"Jul 18, 2026",Knives - Broad,$28.45,$114.92,31,"1,568"
"Jul 18, 2026",Boards - Exact,$28.39,$85.88,49,"2,245"
"Jul 18, 2026",Coffee - Exact,$28.04,$153.94,25,801
"Jul 18, 2026",Coffee - Broad,$25.26,$73.85,24,921
"Jul 18, 2026",Catalog - Auto,$84.86,$153.19,87,"4,186"
"Jul 19, 2026",Skillets - Exact,$78.32,$232.18,88,"3,873"
"Jul 19, 2026",Skillets - Broad,$79.17,$158.01,103,"4,517"
"Jul 19, 2026",Knives - Exact,$62.81,$256.87,102,"5,681"
"Jul 19, 2026",Knives - Broad,$31.94,$98.30,40,"1,653"
"Jul 19, 2026",Boards - Exact,$24.74,$154.14,27,"1,359"
"Jul 19, 2026",Coffee - Exact,$45.19,$156.15,80,"3,404"
"Jul 19, 2026",Coffee - Broad,$29.46,$45.53,45,"2,169"
"Jul 19, 2026",Catalog - Auto,$91.16,$166.89,96,"2,908"
"Jul 20, 2026",Skillets - Exact,$59.99,$258.46,63,"2,166"
"Jul 20, 2026",Skillets - Broad,$61.69,$123.10,61,"2,293"
"Jul 20, 2026",Knives - Exact,$57.10,$192.55,55,"2,448"
"Jul 20, 2026",Knives - Broad,$35.04,$123.39,35,"1,955"
"Jul 20, 2026",Boards - Exact,$33.91,$119.92,35,"1,905"
"Jul 20, 2026",Coffee - Exact,$37.46,$159.49,41,"2,273"
"Jul 20, 2026",Coffee - Broad,$29.52,$76.56,50,"2,054"
"Jul 20, 2026",Catalog - Auto,$94.85,$219.87,111,"3,238"
"Jul 21, 2026",Skillets - Exact,$73.96,$346.90,88,"4,451"
"Jul 21, 2026",Skillets - Broad,$74.57,$200.97,79,"2,515"
"Jul 21, 2026",Knives - Exact,$48.71,$207.49,54,"1,809"
"Jul 21, 2026",Knives - Broad,$30.37,$111.74,51,"2,189"
"Jul 21, 2026",Boards - Exact,$40.31,$163.18,45,"2,007"
"Jul 21, 2026",Coffee - Exact,$54.65,$181.66,63,"3,680"
"Jul 21, 2026",Coffee - Broad,$34.66,$67.75,33,"1,275"
"Jul 21, 2026",Catalog - Auto,$101.59,$233.06,102,"5,893"
"Jul 22, 2026",Skillets - Exact,$81.47,$555.11,106,"3,010"
"Jul 22, 2026",Skillets - Broad,$58.82,$132.90,95,"4,648"
"Jul 22, 2026",Knives - Exact,$61.44,$181.17,80,"2,877"
"Jul 22, 2026",Knives - Broad,$39.20,$107.21,56,"2,530"
"Jul 22, 2026",Boards - Exact,$33.39,$116.26,34,"1,635"
"Jul 22, 2026",Coffee - Exact,$32.53,$150.94,36,"1,482"
"Jul 22, 2026",Coffee - Broad,$44.36,$92.25,44,"1,310"
"Jul 22, 2026",Catalog - Auto,$86.15,$191.93,104,"3,146"
"Jul 23, 2026",Skillets - Exact,$74.41,$253.28,68,"3,408"
"Jul 23, 2026",Skillets - Broad,$63.61,$156.91,67,"3,425"
"Jul 23, 2026",Knives - Exact,$72.46,$431.04,130,"5,761"
"Jul 23, 2026",Knives - Broad,$42.68,$150.43,51,"2,939"
"Jul 23, 2026",Boards - Exact,$38.63,$126.35,36,"2,048"
"Jul 23, 2026",Coffee - Exact,$37.89,$177.15,34,"1,785"
"Jul 23, 2026",Coffee - Broad,$27.06,$131.44,32,"1,738"
"Jul 23, 2026",Catalog - Auto,$82.05,$213.40,97,"4,882"
"Jul 24, 2026",Skillets - Exact,$89.41,$406.67,149,"4,773"
"Jul 24, 2026",Skillets - Broad,$57.42,$148.40,99,"5,638"
"Jul 24, 2026",Knives - Exact,$82.43,$312.42,114,"5,977"
"Jul 24, 2026",Knives - Broad,$50.29,$80.04,62,"2,137"
"Jul 24, 2026",Boards - Exact,$46.90,$129.10,56,"1,873"
"Jul 24, 2026",Coffee - Exact,$38.40,$168.69,37,"1,245"
"Jul 24, 2026",Coffee - Broad,$28.59,$70.19,29,"1,225"
"Jul 24, 2026",Catalog - Auto,$100.13,$165.12,118,"5,783"
"Jul 25, 2026",Skillets - Exact,$100.58,$308.79,93,"3,426"
"Jul 25, 2026",Skillets - Broad,$57.98,$107.97,68,"3,581"
"Jul 25, 2026",Knives - Exact,$60.71,$185.44,65,"3,310"
"Jul 25, 2026",Knives - Broad,$55.51,$126.86,60,"3,147"
"Jul 25, 2026",Boards - Exact,$22.74,$84.77,36,"1,186"
"Jul 25, 2026",Coffee - Exact,$29.98,$133.68,37,"1,827"
"Jul 25, 2026",Coffee - Broad,$30.92,$89.58,30,"1,469"
"Jul 25, 2026",Catalog - Auto,$129.53,$196.77,157,"5,342"
"Jul 26, 2026",Skillets - Exact,$71.45,$273.13,95,"5,225"
"Jul 26, 2026",Skillets - Broad,$64.41,$175.67,63,"2,697"
"Jul 26, 2026",Knives - Exact,$68.99,$363.47,92,"3,745"
"Jul 26, 2026",Knives - Broad,$41.95,$120.18,66,"2,320"
"Jul 26, 2026",Boards - Exact,$31.17,$130.73,34,"1,703"
"Jul 26, 2026",Coffee - Exact,$50.85,$194.03,84,"3,737"
"Jul 26, 2026",Coffee - Broad,$51.07,$149.13,64,"3,729"
"Jul 26, 2026",Catalog - Auto,$66.82,$142.97,67,"2,776"
"Jul 27, 2026",Skillets - Exact,$84.29,$320.46,79,"2,803"
"Jul 27, 2026",Skillets - Broad,$75.20,$164.64,93,"4,448"
"Jul 27, 2026",Knives - Exact,$55.77,$214.33,52,"1,852"
"Jul 27, 2026",Knives - Broad,$42.23,$66.23,72,"3,240"
"Jul 27, 2026",Boards - Exact,$44.70,$273.13,40,"2,268"
"Jul 27, 2026",Coffee - Exact,$37.30,$221.42,43,"1,527"
"Jul 27, 2026",Coffee - Broad,$30.47,$57.23,48,"1,363"
"Jul 27, 2026",Catalog - Auto,$133.95,$199.25,226,"12,604"
"Jul 28, 2026",Skillets - Exact,$97.85,$378.77,99,"4,109"
"Jul 28, 2026",Skillets - Broad,$67.00,$210.70,77,"3,096"
"Jul 28, 2026",Knives - Exact,$90.06,$274.80,93,"4,845"
"Jul 28, 2026",Knives - Broad,$38.82,$104.82,40,"1,190"
"Jul 28, 2026",Boards - Exact,$32.26,$135.52,47,"1,879"
"Jul 28, 2026",Coffee - Exact,$48.13,$240.42,52,"2,774"
"Jul 28, 2026",Coffee - Broad,$30.98,$81.07,29,"1,486"
"Jul 28, 2026",Catalog - Auto,$113.59,$229.67,125,"5,867"
"Jul 29, 2026",Skillets - Exact,$100.77,$414.98,95,"5,545"
"Jul 29, 2026",Skillets - Broad,$65.23,$223.95,62,"1,741"
"Jul 29, 2026",Knives - Exact,$79.42,$287.41,111,"4,165"
"Jul 29, 2026",Knives - Broad,$46.17,$108.91,67,"1,938"
"Jul 29, 2026",Boards - Exact,$45.64,$160.04,41,"1,737"
"Jul 29, 2026",Coffee - Exact,$47.37,$144.37,77,"4,557"
"Jul 29, 2026",Coffee - Broad,$41.96,$90.77,69,"1,972"
"Jul 29, 2026",Catalog - Auto,$115.55,$175.18,114,"5,535"
"Jul 30, 2026",Skillets - Exact,$91.30,$237.35,112,"3,720"
"Jul 30, 2026",Skillets - Broad,$57.90,$110.59,58,"2,458"
"Jul 30, 2026",Knives - Exact,$82.09,$270.69,88,"4,454"
"Jul 30, 2026",Knives - Broad,$46.49,$113.16,68,"2,778"
"Jul 30, 2026",Boards - Exact,$36.67,$143.49,36,"1,414"
"Jul 30, 2026",Coffee - Exact,$47.60,$146.16,46,"2,434"
"Jul 30, 2026",Coffee - Broad,$32.40,$59.91,47,"1,636"
"Jul 30, 2026",Catalog - Auto,$90.25,$122.82,134,"3,890"
"Jul 31, 2026",Skillets - Exact,$134.04,$518.88,147,"6,791"
"Jul 31, 2026",Skillets - Broad,$74.11,$124.76,72,"3,504"
"Jul 31, 2026",Knives - Exact,$70.94,$335.58,81,"3,962"
"Jul 31, 2026",Knives - Broad,$58.94,$118.98,56,"1,954"
"Jul 31, 2026",Boards - Exact,$43.37,$164.01,53,"2,877"
"Jul 31, 2026",Coffee - Exact,$46.52,$235.82,58,"2,349"
"Jul 31, 2026",Coffee - Broad,$31.59,$62.78,33,"1,009"
"Jul 31, 2026",Catalog - Auto,$109.82,$196.91,126,"3,716"
"Aug 01, 2026",Skillets - Exact,$98.55,$370.49,96,"4,784"
"Aug 01, 2026",Skillets - Broad,$71.99,$205.18,104,"5,249"
"Aug 01, 2026",Knives - Exact,$84.11,$199.00,101,"3,886"
"Aug 01, 2026",Knives - Broad,$47.15,$96.56,61,"2,784"
"Aug 01, 2026",Boards - Exact,$55.17,$153.75,60,"1,973"
"Aug 01, 2026",Coffee - Exact,$59.15,$212.86,64,"2,126"
"Aug 01, 2026",Coffee - Broad,$34.44,$109.79,45,"1,939"
"Aug 01, 2026",Catalog - Auto,$131.57,$281.42,185,"8,389"
"Aug 02, 2026",Skillets - Exact,$97.83,$314.95,134,"6,121"
"Aug 02, 2026",Skillets - Broad,$84.18,$193.14,106,"5,539"
"Aug 02, 2026",Knives - Exact,$79.78,$326.51,134,"5,427"
"Aug 02, 2026",Knives - Broad,$62.88,$136.94,70,"3,093"
"Aug 02, 2026",Boards - Exact,$39.78,$165.75,66,"2,486"
"Aug 02, 2026",Coffee - Exact,$62.85,$218.77,90,"3,498"
"Aug 02, 2026",Coffee - Broad,$28.22,$95.11,37,"1,267"
"Aug 02, 2026",Catalog - Auto,$126.33,$170.80,115,"4,927"
"Aug 03, 2026",Skillets - Exact,$107.57,$425.60,120,"4,318"
"Aug 03, 2026",Skillets - Broad,$50.74,$141.90,64,"3,798"
"Aug 03, 2026",Knives - Exact,$84.38,$470.13,132,"4,450"
"Aug 03, 2026",Knives - Broad,$72.47,$148.31,80,"3,083"
"Aug 03, 2026",Boards - Exact,$41.71,$193.60,50,"2,633"
"Aug 03, 2026",Coffee - Exact,$54.84,$318.59,55,"2,184"
"Aug 03, 2026",Coffee - Broad,$41.13,$131.79,38,"1,578"
"Aug 03, 2026",Catalog - Auto,$133.75,$223.56,139,"7,949"
"Aug 04, 2026",Skillets - Exact,$142.30,$405.75,214,"11,162"
"Aug 04, 2026",Skillets - Broad,$75.22,$160.03,104,"5,734"
"Aug 04, 2026",Knives - Exact,$86.08,$433.77,138,"6,967"
"Aug 04, 2026",Knives - Broad,$65.90,$116.96,76,"3,288"
"Aug 04, 2026",Boards - Exact,$50.67,$218.14,53,"2,804"
"Aug 04, 2026",Coffee - Exact,$56.50,$226.02,52,"2,427"
"Aug 04, 2026",Coffee - Broad,$42.84,$89.42,60,"3,095"
"Aug 04, 2026",Catalog - Auto,$128.41,$155.53,119,"5,005"
"Aug 05, 2026",Skillets - Exact,$82.24,$408.72,148,"7,871"
"Aug 05, 2026",Skillets - Broad,$71.24,$118.87,82,"3,651"
"Aug 05, 2026",Knives - Exact,$74.43,$309.88,95,"5,381"
"Aug 05, 2026",Knives - Broad,$62.42,$147.62,95,"3,958"
"Aug 05, 2026",Boards - Exact,$50.98,$189.16,84,"4,140"
"Aug 05, 2026",Coffee - Exact,$57.17,$228.51,86,"4,418"
"Aug 05, 2026",Coffee - Broad,$34.29,$95.54,31,"1,191"
"Aug 05, 2026",Catalog - Auto,$164.30,$214.45,249,"10,516"
"Aug 06, 2026",Skillets - Exact,$140.25,$546.23,180,"10,176"
"Aug 06, 2026",Skillets - Broad,$75.57,$144.98,120,"5,691"
"Aug 06, 2026",Knives - Exact,$87.99,$366.63,146,"7,151"
"Aug 06, 2026",Knives - Broad,$85.22,$140.80,78,"2,973"
"Aug 06, 2026",Boards - Exact,$43.63,$153.52,70,"2,998"
"Aug 06, 2026",Coffee - Exact,$43.16,$154.10,68,"3,298"
"Aug 06, 2026",Coffee - Broad,$53.02,$123.34,49,"1,829"
"Aug 06, 2026",Catalog - Auto,$154.76,$232.28,160,"8,436"
"Aug 07, 2026",Skillets - Exact,$105.88,$376.08,112,"5,636"
"Aug 07, 2026",Skillets - Broad,$66.06,$151.74,65,"2,311"
"Aug 07, 2026",Knives - Exact,$90.66,$450.18,131,"6,448"
"Aug 07, 2026",Knives - Broad,$42.64,$117.88,51,"1,677"
"Aug 07, 2026",Boards - Exact,$52.51,$189.89,55,"2,241"
"Aug 07, 2026",Coffee - Exact,$71.15,$219.86,118,"3,399"
"Aug 07, 2026",Coffee - Broad,$50.17,$78.41,81,"4,526"
"Aug 07, 2026",Catalog - Auto,$170.70,$217.26,188,"10,889"
"Aug 08, 2026",Skillets - Exact,$109.57,$559.04,107,"5,669"
"Aug 08, 2026",Skillets - Broad,$109.88,$245.19,102,"3,978"
"Aug 08, 2026",Knives - Exact,$85.25,$326.21,132,"4,565"
"Aug 08, 2026",Knives - Broad,$54.11,$103.79,91,"5,026"
"Aug 08, 2026",Boards - Exact,$43.49,$131.25,59,"3,373"
"Aug 08, 2026",Coffee - Exact,$57.60,$166.51,91,"5,252"
"Aug 08, 2026",Coffee - Broad,$45.91,$175.42,64,"2,573"
"Aug 08, 2026",Catalog - Auto,$138.08,$164.55,160,"6,671"
"Aug 09, 2026",Skillets - Exact,$112.63,$531.21,181,"5,691"
"Aug 09, 2026",Skillets - Broad,$85.66,$173.80,100,"3,663"
"Aug 09, 2026",Knives - Exact,$114.65,$338.56,141,"4,184"
"Aug 09, 2026",Knives - Broad,$73.54,$160.78,91,"4,782"
"Aug 09, 2026",Boards - Exact,$61.40,$152.78,70,"3,090"
"Aug 09, 2026",Coffee - Exact,$86.01,$224.25,91,"4,818"
"Aug 09, 2026",Coffee - Broad,$39.51,$91.75,43,"1,408"
"Aug 09, 2026",Catalog - Auto,$116.50,$197.95,177,"8,534"
"Aug 10, 2026",Skillets - Exact,$150.11,$552.23,166,"9,601"
"Aug 10, 2026",Skillets - Broad,$74.93,$120.35,118,"5,705"
"Aug 10, 2026",Knives - Exact,$135.11,$470.85,127,"7,411"
"Aug 10, 2026",Knives - Broad,$62.01,$161.42,67,"1,952"
"Aug 10, 2026",Boards - Exact,$50.61,$209.32,67,"3,919"
"Aug 10, 2026",Coffee - Exact,$48.29,$216.47,57,"1,947"
"Aug 10, 2026",Coffee - Broad,$40.20,$84.89,44,"2,157"
"Aug 10, 2026",Catalog - Auto,$191.42,$369.07,300,"15,533"
"Aug 11, 2026",Skillets - Exact,$126.01,$552.71,151,"4,467"
"Aug 11, 2026",Skillets - Broad,$84.89,$200.72,136,"7,873"
"Aug 11, 2026",Knives - Exact,$116.47,$380.36,106,"4,890"
"Aug 11, 2026",Knives - Broad,$61.28,$111.83,91,"3,071"
"Aug 11, 2026",Boards - Exact,$47.47,$146.09,48,"1,409"
"Aug 11, 2026",Coffee - Exact,$85.41,$310.11,78,"2,548"
"Aug 11, 2026",Coffee - Broad,$45.29,$105.86,76,"4,038"
"Aug 11, 2026",Catalog - Auto,$185.37,$337.38,179,"6,393"
"Aug 12, 2026",Skillets - Exact,$117.75,$304.49,113,"4,123"
"Aug 12, 2026",Skillets - Broad,$78.42,$180.42,121,"6,879"
"Aug 12, 2026",Knives - Exact,$80.46,$287.49,82,"3,247"
"Aug 12, 2026",Knives - Broad,$61.69,$151.94,95,"4,637"
"Aug 12, 2026",Boards - Exact,$64.73,$271.28,69,"2,636"
"Aug 12, 2026",Coffee - Exact,$90.83,$234.90,89,"3,410"
"Aug 12, 2026",Coffee - Broad,$56.70,$103.25,70,"3,545"
"Aug 12, 2026",Catalog - Auto,$130.96,$206.44,212,"10,175"
"Aug 13, 2026",Skillets - Exact,$148.27,$463.78,170,"9,060"
"Aug 13, 2026",Skillets - Broad,$139.31,$356.48,146,"7,760"
"Aug 13, 2026",Knives - Exact,$115.29,$352.70,110,"5,773"
"Aug 13, 2026",Knives - Broad,$50.83,$95.13,90,"3,982"
"Aug 13, 2026",Boards - Exact,$46.32,$142.09,43,"1,414"
"Aug 13, 2026",Coffee - Exact,$69.64,$224.30,68,"2,521"
"Aug 13, 2026",Coffee - Broad,$46.10,$90.14,43,"1,451"
"Aug 13, 2026",Catalog - Auto,$225.25,$206.48,373,"18,020"
"Aug 14, 2026",Skillets - Exact,$136.73,$615.24,155,"7,075"
"Aug 14, 2026",Skillets - Broad,$91.44,$283.77,95,"5,676"
"Aug 14, 2026",Knives - Exact,$106.73,$329.24,146,"7,654"
"Aug 14, 2026",Knives - Broad,$45.42,$101.61,57,"2,705"
"Aug 14, 2026",Boards - Exact,$60.04,$189.40,73,"2,668"
"Aug 14, 2026",Coffee - Exact,$63.11,$218.09,62,"2,508"
"Aug 14, 2026",Coffee - Broad,$44.00,$73.67,52,"2,981"
"Aug 14, 2026",Catalog - Auto,$175.99,$244.34,227,"13,386"
"Aug 15, 2026",Skillets - Exact,$103.80,$365.88,116,"6,187"
"Aug 15, 2026",Skillets - Broad,$77.70,$238.90,81,"3,781"
"Aug 15, 2026",Knives - Exact,$148.09,$396.51,196,"5,876"
"Aug 15, 2026",Knives - Broad,$61.43,$112.38,60,"1,745"
"Aug 15, 2026",Boards - Exact,$56.75,$173.38,68,"2,229"
"Aug 15, 2026",Coffee - Exact,$53.08,$241.55,89,"4,627"
"Aug 15, 2026",Coffee - Broad,$35.07,$77.89,37,"2,115"
"Aug 15, 2026",Catalog - Auto,$170.22,$253.30,254,"10,966"
"Aug 16, 2026",Skillets - Exact,$139.50,$444.57,213,"11,435"
"Aug 16, 2026",Skillets - Broad,$81.38,$171.14,109,"5,981"
"Aug 16, 2026",Knives - Exact,$88.54,$331.89,94,"4,998"
"Aug 16, 2026",Knives - Broad,$45.40,$102.58,52,"2,430"
"Aug 16, 2026",Boards - Exact,$51.00,$189.50,63,"2,984"
"Aug 16, 2026",Coffee - Exact,$84.79,$267.24,125,"4,208"
"Aug 16, 2026",Coffee - Broad,$34.99,$70.26,45,"1,554"
"Aug 16, 2026",Catalog - Auto,$148.99,$191.86,168,"5,309"
"Aug 17, 2026",Skillets - Exact,$144.75,$427.08,192,"8,281"
"Aug 17, 2026",Skillets - Broad,$109.34,$244.62,197,"7,729"
"Aug 17, 2026",Knives - Exact,$138.42,$422.17,250,"12,571"
"Aug 17, 2026",Knives - Broad,$59.96,$95.36,99,"5,907"
"Aug 17, 2026",Boards - Exact,$62.33,$144.28,102,"5,208"
"Aug 17, 2026",Coffee - Exact,$79.09,$227.80,88,"4,184"
"Aug 17, 2026",Coffee - Broad,$55.85,$89.91,88,"4,804"
"Aug 17, 2026",Catalog - Auto,$151.82,$240.16,215,"7,695"
"Aug 18, 2026",Skillets - Exact,$107.61,$461.62,139,"6,345"
"Aug 18, 2026",Skillets - Broad,$67.00,$135.68,76,"4,466"
"Aug 18, 2026",Knives - Exact,$109.41,$371.62,111,"6,047"
"Aug 18, 2026",Knives - Broad,$58.51,$130.08,64,"2,090"
"Aug 18, 2026",Boards - Exact,$54.99,$303.57,98,"5,463"
"Aug 18, 2026",Coffee - Exact,$70.45,$219.67,74,"4,425"
"Aug 18, 2026",Coffee - Broad,$39.13,$103.18,55,"2,640"
"Aug 18, 2026",Catalog - Auto,$173.07,$324.94,231,"7,435"
"Aug 19, 2026",Skillets - Exact,$184.10,$509.05,247,"12,373"
"Aug 19, 2026",Skillets - Broad,$101.78,$197.73,133,"6,004"
"Aug 19, 2026",Knives - Exact,$87.29,$268.89,89,"3,579"
"Aug 19, 2026",Knives - Broad,$66.43,$151.84,85,"4,333"
"Aug 19, 2026",Boards - Exact,$37.79,$290.27,36,"1,401"
"Aug 19, 2026",Coffee - Exact,$49.87,$185.84,64,"1,992"
"Aug 19, 2026",Coffee - Broad,$37.98,$115.70,62,"3,394"
"Aug 19, 2026",Catalog - Auto,$142.69,$266.11,168,"8,084"
"Aug 20, 2026",Skillets - Exact,$124.45,$471.59,163,"9,422"
"Aug 20, 2026",Skillets - Broad,$69.51,$123.71,78,"3,777"
"Aug 20, 2026",Knives - Exact,$107.86,$269.07,118,"6,321"
"Aug 20, 2026",Knives - Broad,$43.40,$101.97,70,"4,045"
"Aug 20, 2026",Boards - Exact,$35.05,$164.53,49,"2,667"
"Aug 20, 2026",Coffee - Exact,$48.90,$181.09,75,"3,900"
"Aug 20, 2026",Coffee - Broad,$37.50,$81.61,34,"1,117"
"Aug 20, 2026",Catalog - Auto,$153.25,$165.29,160,"8,457"
"Aug 21, 2026",Skillets - Exact,$116.96,$492.64,111,"6,002"
"Aug 21, 2026",Skillets - Broad,$71.45,$202.74,68,"1,979"
"Aug 21, 2026",Knives - Exact,$98.26,$452.06,97,"3,192"
"Aug 21, 2026",Knives - Broad,$52.81,$120.89,81,"3,054"
"Aug 21, 2026",Boards - Exact,$32.83,$97.22,29,964
"Aug 21, 2026",Coffee - Exact,$76.53,$264.29,123,"3,910"
"Aug 21, 2026",Coffee - Broad,$40.78,$136.94,60,"3,521"
"Aug 21, 2026",Catalog - Auto,$118.49,$162.93,185,"6,266"
"Aug 22, 2026",Skillets - Exact,$149.24,$505.62,228,"7,075"
"Aug 22, 2026",Skillets - Broad,$61.85,$149.36,87,"5,160"
"Aug 22, 2026",Knives - Exact,$79.81,$258.50,105,"4,621"
"Aug 22, 2026",Knives - Broad,$74.91,$231.31,134,"5,507"
"Aug 22, 2026",Boards - Exact,$42.34,$160.10,50,"1,815"
"Aug 22, 2026",Coffee - Exact,$57.32,$184.92,74,"4,184"
"Aug 22, 2026",Coffee - Broad,$37.69,$78.04,39,"1,530"
"Aug 22, 2026",Catalog - Auto,$189.45,$277.17,188,"6,393"
"Aug 23, 2026",Skillets - Exact,$95.75,$300.78,108,"4,810"
"Aug 23, 2026",Skillets - Broad,$81.79,$154.43,89,"3,102"
"Aug 23, 2026",Knives - Exact,$81.62,$396.46,90,"4,098"
"Aug 23, 2026",Knives - Broad,$50.42,$61.01,62,"2,830"
"Aug 23, 2026",Boards - Exact,$41.52,$142.75,43,"1,488"
"Aug 23, 2026",Coffee - Exact,$64.44,$249.03,94,"2,977"
"Aug 23, 2026",Coffee - Broad,$38.81,$67.31,35,"1,156"
"Aug 23, 2026",Catalog - Auto,$154.65,$270.21,143,"5,051"
"Aug 24, 2026",Skillets - Exact,$107.27,$372.01,110,"3,126"
"Aug 24, 2026",Skillets - Broad,$62.50,$76.51,66,"1,882"
"Aug 24, 2026",Knives - Exact,$65.37,$296.55,113,"6,409"
"Aug 24, 2026",Knives - Broad,$48.23,$130.03,71,"2,758"
"Aug 24, 2026",Boards - Exact,$55.17,$181.31,61,"2,554"
"Aug 24, 2026",Coffee - Exact,$45.02,$157.03,62,"2,972"
"Aug 24, 2026",Coffee - Broad,$39.62,$75.12,44,"2,567"
"Aug 24, 2026",Catalog - Auto,$146.71,$161.22,203,"9,350"
"Aug 25, 2026",Skillets - Exact,$83.71,$335.66,76,"2,712"
"Aug 25, 2026",Skillets - Broad,$84.98,$195.01,81,"4,775"
"Aug 25, 2026",Knives - Exact,$68.47,$287.41,75,"2,566"
"Aug 25, 2026",Knives - Broad,$52.22,$122.95,66,"2,330"
"Aug 25, 2026",Boards - Exact,$45.28,$153.72,49,"2,773"
"Aug 25, 2026",Coffee - Exact,$65.00,$225.64,72,"2,490"
"Aug 25, 2026",Coffee - Broad,$45.11,$84.07,71,"2,710"
"Aug 25, 2026",Catalog - Auto,$146.42,$272.99,262,"13,859"
"Aug 26, 2026",Skillets - Exact,$91.01,$433.05,125,"4,830"
"Aug 26, 2026",Skillets - Broad,$68.42,$183.91,103,"2,958"
"Aug 26, 2026",Knives - Exact,$85.52,$235.63,93,"4,360"
"Aug 26, 2026",Knives - Broad,$48.66,$117.19,82,"3,634"
"Aug 26, 2026",Boards - Exact,$43.21,$135.33,53,"2,025"
"Aug 26, 2026",Coffee - Exact,$72.72,$228.74,118,"6,577"
"Aug 26, 2026",Coffee - Broad,$29.26,$59.20,47,"1,461"
"Aug 26, 2026",Catalog - Auto,$101.07,$219.89,158,"8,711"
"Aug 27, 2026",Skillets - Exact,$115.93,$439.88,130,"6,650"
"Aug 27, 2026",Skillets - Broad,$56.06,$131.33,58,"2,991"
"Aug 27, 2026",Knives - Exact,$99.37,$290.94,148,"4,544"
"Aug 27, 2026",Knives - Broad,$44.39,$152.41,69,"1,985"
"Aug 27, 2026",Boards - Exact,$47.74,$119.57,62,"2,214"
"Aug 27, 2026",Coffee - Exact,$44.44,$151.75,48,"2,319"
"Aug 27, 2026",Coffee - Broad,$36.57,$80.42,64,"3,179"
"Aug 27, 2026",Catalog - Auto,$142.05,$215.07,214,"11,078"
"Aug 28, 2026",Skillets - Exact,$91.18,$538.47,131,"5,558"
"Aug 28, 2026",Skillets - Broad,$74.49,$149.37,81,"3,386"
"Aug 28, 2026",Knives - Exact,$96.45,$298.68,117,"7,000"
"Aug 28, 2026",Knives - Broad,$47.13,$154.99,48,"1,507"
"Aug 28, 2026",Boards - Exact,$38.46,$159.56,43,"1,496"
"Aug 28, 2026",Coffee - Exact,$33.91,$122.58,57,"2,487"
"Aug 28, 2026",Coffee - Broad,$38.03,$97.11,61,"2,094"
"Aug 28, 2026",Catalog - Auto,$130.41,$287.81,136,"4,996"
"Aug 29, 2026",Skillets - Exact,$75.31,$279.60,72,"2,931"
"Aug 29, 2026",Skillets - Broad,$41.78,$110.32,54,"2,877"
"Aug 29, 2026",Knives - Exact,$99.75,$361.78,124,"4,833"
"Aug 29, 2026",Knives - Broad,$54.63,$103.10,84,"4,957"
"Aug 29, 2026",Boards - Exact,$29.71,$145.14,40,"1,991"
"Aug 29, 2026",Coffee - Exact,$30.35,$112.96,41,"1,543"
"Aug 29, 2026",Coffee - Broad,$35.76,$45.98,36,"1,129"
"Aug 29, 2026",Catalog - Auto,$121.89,$211.37,171,"9,977"
"Aug 30, 2026",Skillets - Exact,$89.65,$357.17,153,"6,309"
"Aug 30, 2026",Skillets - Broad,$60.55,$185.43,71,"2,451"
"Aug 30, 2026",Knives - Exact,$78.82,$308.57,79,"3,688"
"Aug 30, 2026",Knives - Broad,$64.77,$162.18,78,"3,591"
"Aug 30, 2026",Boards - Exact,$36.20,$118.21,61,"2,115"
"Aug 30, 2026",Coffee - Exact,$64.62,$190.28,94,"4,590"
"Aug 30, 2026",Coffee - Broad,$42.87,$79.25,69,"2,917"
"Aug 30, 2026",Catalog - Auto,$129.94,$271.31,143,"7,463"
"Aug 31, 2026",Skillets - Exact,$109.47,$342.20,171,"6,233"
"Aug 31, 2026",Skillets - Broad,$60.16,$147.88,58,"2,268"
"Aug 31, 2026",Knives - Exact,$72.19,$277.85,65,"2,211"
"Aug 31, 2026",Knives - Broad,$48.06,$97.48,62,"2,965"
"Aug 31, 2026",Boards - Exact,$30.91,$135.01,39,"1,211"
"Aug 31, 2026",Coffee - Exact,$34.92,$125.10,48,"2,214"
"Aug 31, 2026",Coffee - Broad,$39.83,$88.82,43,"1,389"
"Aug 31, 2026",Catalog - Auto,$126.48,$194.13,126,"5,014"
